编号,姓名,部门,月薪,状态,入职日期,完成度,备注
1,Linus产品经理,研发中心,38369.77,已完成,2023-03-24,14,OK
2,王芳顾问,人力资源,6430.22,进行中,2023-04-17,78,常规任务，按计划推进。
3,周勇数据分析师,客户成功,34244.8,阻塞,2024-04-15,76,"需要与跨部门协同，
优先级 P1。"
4,Grace工程师,安全合规,41261.87,待审核,2024-05-05,28,"需要与跨部门协同，
优先级 P1。"
5,王芳产品经理,人力资源,9352.24,已取消,2025-05-26,6,"客户反馈：希望增加导出功能；
预计下个迭代交付。"
6,周勇产品经理,人力资源,8546.01,已取消,2025-10-28,47,OK
7,刘洋产品经理,研发中心,34756.85,已取消,2023-04-28,13,"客户反馈：希望增加导出功能；
预计下个迭代交付。"
8,陈杰实习生,客户成功,42534.97,已完成,2024-06-07,86,"需要与跨部门协同，
优先级 P1。"
9,Ada产品经理,数据平台,33574.02,阻塞,2025-04-06,60,"客户反馈：希望增加导出功能；
预计下个迭代交付。"
10,陈杰架构师,市场部,35807.64,进行中,2023-01-26,41,"客户反馈：希望增加导出功能；
预计下个迭代交付。"
11,陈杰产品经理,市场部,46091.13,阻塞,2025-06-07,84,"客户反馈：希望增加导出功能；
预计下个迭代交付。"
12,赵磊实习生,市场部,16919.61,已完成,2025-09-18,34,OK
13,赵磊顾问,人力资源,21289.84,已完成,2025-08-03,97,常规任务，按计划推进。
14,Alan产品经理,市场部,33235.07,待审核,2025-02-13,49,OK
15,黄敏架构师,财务部,48698.53,进行中,2025-12-04,88,OK
16,Grace运维,安全合规,33843.28,进行中,2024-07-06,59,常规任务，按计划推进。
17,Ada运维,数据平台,39288.3,阻塞,2023-11-10,82,OK
18,吴婷数据分析师,市场部,21826.12,已完成,2025-09-01,77,"需要与跨部门协同，
优先级 P1。"
19,黄敏工程师,研发中心,46809.44,已取消,2023-01-08,73,常规任务，按计划推进。
20,王芳实习生,安全合规,8114.56,阻塞,2023-03-22,61,OK
21,李娜运维,数据平台,44259.49,待审核,2023-09-25,94,"多行备注第一行
第二行补充说明
第三行是结论。"
22,Ada运维,人力资源,49781.72,已取消,2024-09-15,16,"多行备注第一行
第二行补充说明
第三行是结论。"
23,刘洋产品经理,财务部,5946.54,阻塞,2023-10-08,1,常规任务，按计划推进。
24,Ada工程师,市场部,8033.01,进行中,2024-02-17,31,"需要与跨部门协同，
优先级 P1。"
25,Linus实习生,市场部,29265.53,阻塞,2025-08-08,61,"客户反馈：希望增加导出功能；
预计下个迭代交付。"
26,刘洋产品经理,研发中心,34654.22,已取消,2024-07-15,94,常规任务，按计划推进。
27,Linus产品经理,研发中心,23117.96,已取消,2023-04-07,25,OK
28,黄敏设计师,人力资源,13256.96,待审核,2023-02-15,71,常规任务，按计划推进。
29,张伟架构师,安全合规,5664.1,进行中,2023-03-14,63,"客户反馈：希望增加导出功能；
预计下个迭代交付。"
30,刘洋经理,研发中心,12408.67,进行中,2024-05-26,59,"需要与跨部门协同，
优先级 P1。"
31,赵磊架构师,客户成功,37328.37,已完成,2023-05-07,8,OK
32,Ada架构师,研发中心,38658.9,进行中,2023-10-16,65,OK
33,李娜工程师,数据平台,8605.02,已完成,2023-10-03,87,"多行备注第一行
第二行补充说明
第三行是结论。"
34,赵磊产品经理,数据平台,16079.69,阻塞,2023-10-03,54,OK
35,吴婷架构师,财务部,47061.78,已完成,2025-12-11,31,"需要与跨部门协同，
优先级 P1。"
36,赵磊设计师,客户成功,34047.54,待审核,2024-02-01,59,OK
37,吴婷产品经理,研发中心,29193.55,阻塞,2024-03-12,9,"多行备注第一行
第二行补充说明
第三行是结论。"
38,杨静运维,市场部,24718.31,阻塞,2025-05-20,84,OK
39,张伟架构师,财务部,46929.02,进行中,2023-05-04,14,OK
40,李娜运维,财务部,32217.34,已取消,2023-11-21,34,OK
41,黄敏运维,安全合规,7285.95,待审核,2024-01-01,43,"多行备注第一行
第二行补充说明
第三行是结论。"
42,Linus运维,市场部,38355.39,阻塞,2025-07-18,2,常规任务，按计划推进。
43,王芳设计师,数据平台,6621.27,已取消,2025-09-05,56,"多行备注第一行
第二行补充说明
第三行是结论。"
44,张伟运维,财务部,45454.17,进行中,2024-04-22,32,常规任务，按计划推进。
45,杨静架构师,安全合规,23286.98,阻塞,2025-03-08,21,"多行备注第一行
第二行补充说明
第三行是结论。"
46,Margaret经理,研发中心,13071.23,已取消,2024-11-28,95,"多行备注第一行
第二行补充说明
第三行是结论。"
47,陈杰设计师,安全合规,36557.52,待审核,2023-08-08,26,"客户反馈：希望增加导出功能；
预计下个迭代交付。"
48,杨静运维,安全合规,40790.55,已完成,2023-01-22,25,"客户反馈：希望增加导出功能；
预计下个迭代交付。"
49,杨静运维,安全合规,8123.93,已取消,2024-11-17,52,OK
50,杨静工程师,研发中心,44466.73,已取消,2023-10-09,5,常规任务，按计划推进。
51,吴婷经理,财务部,37784.53,已取消,2024-10-17,15,"客户反馈：希望增加导出功能；
预计下个迭代交付。"
52,Margaret顾问,市场部,16462.51,待审核,2023-09-26,69,"多行备注第一行
第二行补充说明
第三行是结论。"
53,杨静经理,研发中心,47699.35,已取消,2025-06-22,16,"需要与跨部门协同，
优先级 P1。"
54,周勇运维,客户成功,23377.68,待审核,2025-05-18,17,"多行备注第一行
第二行补充说明
第三行是结论。"
55,赵磊经理,客户成功,38666.06,已完成,2025-10-10,52,OK
56,Alan工程师,财务部,17911.12,待审核,2025-10-21,42,"客户反馈：希望增加导出功能；
预计下个迭代交付。"
57,黄敏实习生,客户成功,14616.56,待审核,2025-03-22,11,"需要与跨部门协同，
优先级 P1。"
58,周勇顾问,财务部,9202.42,已完成,2025-05-08,26,"多行备注第一行
第二行补充说明
第三行是结论。"
59,张伟工程师,市场部,49277.12,阻塞,2023-08-14,81,OK
60,刘洋经理,人力资源,22984.38,已完成,2025-12-01,97,常规任务，按计划推进。
61,Grace经理,市场部,12914.9,阻塞,2024-01-18,32,常规任务，按计划推进。
62,黄敏设计师,安全合规,25908.95,阻塞,2025-10-11,97,"客户反馈：希望增加导出功能；
预计下个迭代交付。"
63,吴婷架构师,人力资源,42375.61,阻塞,2024-03-24,61,"客户反馈：希望增加导出功能；
预计下个迭代交付。"
64,陈杰数据分析师,安全合规,33694.76,阻塞,2024-11-08,36,"客户反馈：希望增加导出功能；
预计下个迭代交付。"
65,王芳运维,市场部,17227.18,已取消,2025-02-05,20,"多行备注第一行
第二行补充说明
第三行是结论。"
66,赵磊设计师,客户成功,14627.88,待审核,2024-06-18,60,"客户反馈：希望增加导出功能；
预计下个迭代交付。"
67,张伟数据分析师,安全合规,23906.46,阻塞,2025-01-28,98,OK
68,赵磊实习生,研发中心,47423.37,已取消,2024-07-18,96,OK
69,Grace顾问,市场部,26970.33,已取消,2024-08-01,50,"需要与跨部门协同，
优先级 P1。"
70,Linus经理,客户成功,12427.01,待审核,2023-10-18,4,"客户反馈：希望增加导出功能；
预计下个迭代交付。"
71,吴婷顾问,客户成功,6219.59,待审核,2023-08-06,7,"需要与跨部门协同，
优先级 P1。"
72,赵磊测试,市场部,25461.47,已取消,2024-05-25,54,"需要与跨部门协同，
优先级 P1。"
73,Alan产品经理,人力资源,5872.25,阻塞,2023-06-08,84,常规任务，按计划推进。
74,Grace工程师,安全合规,6396.35,已完成,2023-01-20,20,"多行备注第一行
第二行补充说明
第三行是结论。"
75,李娜实习生,客户成功,10147.53,已完成,2024-12-09,99,"需要与跨部门协同，
优先级 P1。"
76,李娜顾问,数据平台,48368.06,进行中,2023-05-04,75,常规任务，按计划推进。
77,Margaret运维,数据平台,35480.63,待审核,2024-12-07,10,OK
78,Ada数据分析师,研发中心,36373.69,已取消,2025-10-26,16,OK
79,Grace工程师,财务部,28973.54,已取消,2023-09-21,44,常规任务，按计划推进。
80,Alan经理,安全合规,27059.08,待审核,2024-11-27,59,"多行备注第一行
第二行补充说明
第三行是结论。"
81,赵磊设计师,客户成功,28478.6,已取消,2025-09-25,62,"客户反馈：希望增加导出功能；
预计下个迭代交付。"
82,赵磊顾问,财务部,19503.71,已完成,2023-05-15,32,"客户反馈：希望增加导出功能；
预计下个迭代交付。"
83,吴婷顾问,客户成功,22054.52,进行中,2024-06-06,63,"多行备注第一行
第二行补充说明
第三行是结论。"
84,杨静运维,财务部,17584.63,阻塞,2025-05-18,2,OK
85,刘洋产品经理,市场部,37403.36,待审核,2025-04-23,61,"客户反馈：希望增加导出功能；
预计下个迭代交付。"
86,黄敏工程师,研发中心,18240.6,待审核,2025-04-10,85,OK
87,杨静实习生,数据平台,28891.49,待审核,2025-09-11,46,"客户反馈：希望增加导出功能；
预计下个迭代交付。"
88,陈杰运维,财务部,15374.21,已完成,2024-02-24,69,"多行备注第一行
第二行补充说明
第三行是结论。"
89,刘洋数据分析师,客户成功,26788.94,阻塞,2025-10-10,13,"多行备注第一行
第二行补充说明
第三行是结论。"
90,陈杰数据分析师,财务部,13074.87,进行中,2025-09-05,36,常规任务，按计划推进。
91,张伟架构师,财务部,36383.78,已完成,2025-08-04,2,OK
92,陈杰实习生,人力资源,24821.1,已完成,2023-05-28,62,常规任务，按计划推进。
93,Alan产品经理,人力资源,27128.6,阻塞,2025-11-02,20,"多行备注第一行
第二行补充说明
第三行是结论。"
94,Grace顾问,财务部,8833.14,已完成,2023-09-25,54,OK
95,吴婷顾问,市场部,39906.21,待审核,2024-08-10,76,"客户反馈：希望增加导出功能；
预计下个迭代交付。"
96,陈杰顾问,数据平台,7710.36,进行中,2023-11-07,34,常规任务，按计划推进。
97,李娜数据分析师,市场部,29839.65,已完成,2023-07-15,89,OK
98,黄敏运维,研发中心,15416.43,已取消,2025-08-03,88,"多行备注第一行
第二行补充说明
第三行是结论。"
99,Margaret运维,安全合规,40606.15,阻塞,2025-04-14,15,OK
100,刘洋设计师,财务部,42198.4,进行中,2023-03-26,40,OK
101,Ada顾问,财务部,24761.91,待审核,2025-05-23,52,"需要与跨部门协同，
优先级 P1。"
102,周勇架构师,人力资源,24699.15,阻塞,2023-07-24,42,OK
103,陈杰工程师,研发中心,15301.6,阻塞,2025-01-25,87,"需要与跨部门协同，
优先级 P1。"
104,吴婷工程师,安全合规,39032.1,待审核,2025-11-15,36,"多行备注第一行
第二行补充说明
第三行是结论。"
105,吴婷经理,客户成功,41641.02,进行中,2024-06-14,43,"需要与跨部门协同，
优先级 P1。"
106,Linus产品经理,安全合规,12237.12,待审核,2025-08-10,85,"客户反馈：希望增加导出功能；
预计下个迭代交付。"
107,Alan架构师,研发中心,25467.17,已取消,2024-06-04,99,"客户反馈：希望增加导出功能；
预计下个迭代交付。"
108,Alan架构师,安全合规,49465.36,阻塞,2024-07-02,25,OK
109,杨静顾问,安全合规,27432.19,待审核,2023-04-09,71,"多行备注第一行
第二行补充说明
第三行是结论。"
110,Margaret运维,人力资源,44638.1,待审核,2023-01-21,78,"多行备注第一行
第二行补充说明
第三行是结论。"
111,Ada设计师,财务部,29787.76,阻塞,2024-02-08,15,"客户反馈：希望增加导出功能；
预计下个迭代交付。"
112,王芳设计师,人力资源,46969.39,已取消,2025-12-09,54,"客户反馈：希望增加导出功能；
预计下个迭代交付。"
113,黄敏数据分析师,人力资源,29806.93,待审核,2023-10-17,96,"多行备注第一行
第二行补充说明
第三行是结论。"
114,Alan产品经理,财务部,39770.38,待审核,2024-09-09,1,"需要与跨部门协同，
优先级 P1。"
115,Ada运维,安全合规,31412.2,待审核,2023-08-18,62,"需要与跨部门协同，
优先级 P1。"
116,杨静架构师,安全合规,29454.35,待审核,2024-04-23,31,OK
117,赵磊数据分析师,安全合规,39899.5,进行中,2024-12-16,91,"客户反馈：希望增加导出功能；
预计下个迭代交付。"
118,赵磊设计师,人力资源,48417.1,已完成,2025-10-11,13,"客户反馈：希望增加导出功能；
预计下个迭代交付。"
119,王芳架构师,人力资源,5690.64,已完成,2024-11-05,10,"客户反馈：希望增加导出功能；
预计下个迭代交付。"
120,Grace运维,财务部,33046.67,待审核,2025-02-28,43,OK
121,赵磊测试,客户成功,37342.28,待审核,2025-01-20,9,"多行备注第一行
第二行补充说明
第三行是结论。"
122,Linus运维,市场部,38604.49,待审核,2023-11-23,13,"客户反馈：希望增加导出功能；
预计下个迭代交付。"
123,李娜运维,研发中心,7069.59,进行中,2024-06-12,56,"多行备注第一行
第二行补充说明
第三行是结论。"
124,刘洋架构师,人力资源,30466.76,已完成,2023-03-03,79,"客户反馈：希望增加导出功能；
预计下个迭代交付。"
125,吴婷数据分析师,人力资源,46077.31,已完成,2023-08-21,33,"客户反馈：希望增加导出功能；
预计下个迭代交付。"
126,陈杰工程师,安全合规,25936.4,已取消,2025-09-06,10,"客户反馈：希望增加导出功能；
预计下个迭代交付。"
127,杨静顾问,财务部,33752.24,待审核,2025-05-15,39,"多行备注第一行
第二行补充说明
第三行是结论。"
128,赵磊实习生,研发中心,15674.26,阻塞,2024-10-10,90,"需要与跨部门协同，
优先级 P1。"
129,张伟经理,财务部,5364.41,进行中,2025-12-16,37,"多行备注第一行
第二行补充说明
第三行是结论。"
130,吴婷测试,市场部,33647.8,阻塞,2024-11-25,93,"多行备注第一行
第二行补充说明
第三行是结论。"
131,Linus产品经理,客户成功,34085.33,已取消,2024-01-19,47,"多行备注第一行
第二行补充说明
第三行是结论。"
132,王芳运维,财务部,38636.64,已完成,2023-03-26,70,"需要与跨部门协同，
优先级 P1。"
133,周勇架构师,财务部,42371.27,已取消,2024-05-24,44,常规任务，按计划推进。
134,黄敏产品经理,市场部,38936.82,已完成,2025-12-22,51,OK
135,杨静产品经理,安全合规,22755.86,已取消,2025-02-15,48,"需要与跨部门协同，
优先级 P1。"
136,吴婷经理,安全合规,33734.72,已取消,2023-11-08,61,常规任务，按计划推进。
137,吴婷架构师,财务部,46186.52,已完成,2025-02-21,60,"需要与跨部门协同，
优先级 P1。"
138,Linus经理,研发中心,11289.97,进行中,2024-08-04,13,"多行备注第一行
第二行补充说明
第三行是结论。"
139,Margaret架构师,市场部,22489.06,已取消,2025-12-23,70,"客户反馈：希望增加导出功能；
预计下个迭代交付。"
140,吴婷设计师,人力资源,34471.49,待审核,2025-07-09,5,"需要与跨部门协同，
优先级 P1。"
141,刘洋实习生,人力资源,47774.98,已取消,2023-11-12,70,"需要与跨部门协同，
优先级 P1。"
142,张伟经理,财务部,13541.39,进行中,2024-02-22,28,OK
143,张伟工程师,安全合规,20007.91,已完成,2025-04-03,98,OK
144,刘洋顾问,市场部,41587.38,已完成,2024-03-26,77,常规任务，按计划推进。
145,陈杰设计师,市场部,29309.7,已完成,2023-11-28,4,"多行备注第一行
第二行补充说明
第三行是结论。"
146,张伟测试,安全合规,40479.42,阻塞,2024-01-06,34,常规任务，按计划推进。
147,李娜经理,数据平台,10114.22,进行中,2024-08-25,47,OK
148,吴婷产品经理,人力资源,27672.74,阻塞,2023-12-26,85,OK
149,陈杰实习生,客户成功,48381.18,进行中,2024-07-14,88,常规任务，按计划推进。
150,黄敏实习生,研发中心,45467.0,已取消,2025-03-03,17,"需要与跨部门协同，
优先级 P1。"
151,吴婷顾问,数据平台,37046.88,待审核,2025-09-10,59,OK
152,吴婷经理,研发中心,40689.32,进行中,2025-11-25,71,"多行备注第一行
第二行补充说明
第三行是结论。"
153,赵磊实习生,市场部,23621.61,待审核,2024-07-24,13,"需要与跨部门协同，
优先级 P1。"
154,赵磊测试,客户成功,16470.04,已完成,2025-08-03,12,常规任务，按计划推进。
155,王芳经理,研发中心,38506.5,已取消,2023-09-02,76,OK
156,周勇测试,客户成功,10500.41,已取消,2025-07-28,93,常规任务，按计划推进。
157,陈杰顾问,财务部,20824.08,阻塞,2025-04-05,85,"客户反馈：希望增加导出功能；
预计下个迭代交付。"
158,刘洋产品经理,财务部,43041.8,已取消,2023-05-19,29,"客户反馈：希望增加导出功能；
预计下个迭代交付。"
159,Alan架构师,安全合规,41829.21,阻塞,2025-11-18,4,OK
160,Margaret运维,研发中心,13118.72,已取消,2024-06-01,24,"多行备注第一行
第二行补充说明
第三行是结论。"
161,吴婷经理,研发中心,11384.36,进行中,2023-12-17,28,"客户反馈：希望增加导出功能；
预计下个迭代交付。"
162,赵磊实习生,财务部,12083.42,已取消,2025-06-25,73,OK
163,王芳工程师,市场部,12083.45,阻塞,2023-11-03,35,"客户反馈：希望增加导出功能；
预计下个迭代交付。"
164,Linus经理,人力资源,32318.42,待审核,2024-04-25,66,常规任务，按计划推进。
165,杨静经理,研发中心,17746.09,阻塞,2024-09-22,40,常规任务，按计划推进。
166,刘洋经理,数据平台,7465.19,已完成,2024-04-25,18,"需要与跨部门协同，
优先级 P1。"
167,陈杰测试,研发中心,5347.85,待审核,2023-03-13,69,"多行备注第一行
第二行补充说明
第三行是结论。"
168,周勇架构师,安全合规,35062.17,已取消,2023-07-28,95,常规任务，按计划推进。
169,赵磊工程师,人力资源,46452.31,已取消,2025-07-19,52,"客户反馈：希望增加导出功能；
预计下个迭代交付。"
170,陈杰产品经理,人力资源,5938.55,已取消,2023-10-15,89,"需要与跨部门协同，
优先级 P1。"
171,王芳经理,安全合规,9763.84,待审核,2025-07-17,11,"客户反馈：希望增加导出功能；
预计下个迭代交付。"
172,Alan运维,客户成功,20278.1,已取消,2023-02-17,82,常规任务，按计划推进。
173,周勇架构师,市场部,45766.52,已取消,2024-12-27,83,"多行备注第一行
第二行补充说明
第三行是结论。"
174,刘洋产品经理,市场部,16518.57,已完成,2025-03-25,98,常规任务，按计划推进。
175,李娜实习生,人力资源,38950.06,阻塞,2024-11-19,83,OK
176,杨静测试,市场部,24789.33,待审核,2024-11-10,36,OK
177,张伟测试,数据平台,8338.58,待审核,2024-01-02,48,"需要与跨部门协同，
优先级 P1。"
178,王芳产品经理,数据平台,31733.59,待审核,2024-10-18,95,常规任务，按计划推进。
179,黄敏顾问,客户成功,13470.78,阻塞,2024-09-05,8,"客户反馈：希望增加导出功能；
预计下个迭代交付。"
180,王芳测试,客户成功,8794.81,已完成,2023-04-23,57,"客户反馈：希望增加导出功能；
预计下个迭代交付。"
181,周勇架构师,数据平台,12143.58,已取消,2024-07-14,100,"需要与跨部门协同，
优先级 P1。"
182,Linus顾问,研发中心,40515.21,已取消,2023-06-04,72,"客户反馈：希望增加导出功能；
预计下个迭代交付。"
183,陈杰运维,客户成功,43320.48,阻塞,2023-06-03,75,"多行备注第一行
第二行补充说明
第三行是结论。"
184,Margaret测试,财务部,48546.34,待审核,2023-10-23,11,"需要与跨部门协同，
优先级 P1。"
185,周勇经理,客户成功,40624.79,已完成,2025-12-27,95,OK
186,王芳经理,数据平台,21282.26,已取消,2024-03-07,44,"客户反馈：希望增加导出功能；
预计下个迭代交付。"
187,刘洋数据分析师,市场部,11972.53,已取消,2023-09-25,70,OK
188,张伟测试,安全合规,32811.42,阻塞,2024-03-06,24,OK
189,Grace设计师,客户成功,24695.3,待审核,2024-11-24,31,"客户反馈：希望增加导出功能；
预计下个迭代交付。"
190,吴婷运维,安全合规,38684.14,待审核,2023-09-08,40,"客户反馈：希望增加导出功能；
预计下个迭代交付。"
191,Margaret数据分析师,财务部,35523.81,阻塞,2024-08-25,37,"客户反馈：希望增加导出功能；
预计下个迭代交付。"
192,周勇架构师,人力资源,48482.07,已完成,2025-03-28,33,常规任务，按计划推进。
193,Linus实习生,安全合规,21704.54,进行中,2025-09-28,16,"需要与跨部门协同，
优先级 P1。"
194,王芳设计师,财务部,25219.36,阻塞,2023-07-03,29,"客户反馈：希望增加导出功能；
预计下个迭代交付。"
195,Margaret测试,研发中心,23670.36,待审核,2025-06-08,50,常规任务，按计划推进。
196,杨静数据分析师,研发中心,19340.82,进行中,2025-11-11,19,"多行备注第一行
第二行补充说明
第三行是结论。"
197,张伟运维,安全合规,26260.47,已完成,2025-08-15,79,常规任务，按计划推进。
198,Margaret产品经理,研发中心,16516.58,已完成,2025-12-20,68,"客户反馈：希望增加导出功能；
预计下个迭代交付。"
199,王芳运维,市场部,18551.8,进行中,2023-07-21,80,"客户反馈：希望增加导出功能；
预计下个迭代交付。"
200,王芳产品经理,安全合规,45731.61,阻塞,2025-01-21,66,OK
201,刘洋设计师,财务部,24315.75,阻塞,2024-04-19,54,"多行备注第一行
第二行补充说明
第三行是结论。"
202,Linus产品经理,数据平台,48859.45,进行中,2025-09-17,65,OK
203,张伟经理,安全合规,26156.08,待审核,2024-05-24,3,"需要与跨部门协同，
优先级 P1。"
204,Grace产品经理,财务部,15850.67,进行中,2025-12-25,43,"多行备注第一行
第二行补充说明
第三行是结论。"
205,张伟测试,数据平台,20234.63,已完成,2025-08-23,62,"多行备注第一行
第二行补充说明
第三行是结论。"
206,Grace设计师,研发中心,37222.03,待审核,2023-05-07,6,"多行备注第一行
第二行补充说明
第三行是结论。"
207,Margaret工程师,财务部,47001.69,阻塞,2024-09-16,33,常规任务，按计划推进。
208,Grace数据分析师,财务部,21063.84,进行中,2025-06-09,16,"需要与跨部门协同，
优先级 P1。"
209,赵磊经理,客户成功,24788.15,待审核,2024-03-16,89,"客户反馈：希望增加导出功能；
预计下个迭代交付。"
210,杨静架构师,财务部,41051.66,待审核,2023-07-20,24,OK
211,陈杰测试,研发中心,8603.1,已取消,2024-08-20,92,"客户反馈：希望增加导出功能；
预计下个迭代交付。"
212,李娜实习生,财务部,25120.83,已取消,2025-07-09,82,常规任务，按计划推进。
213,王芳经理,财务部,28088.87,已完成,2023-03-28,78,"客户反馈：希望增加导出功能；
预计下个迭代交付。"
214,张伟设计师,研发中心,15619.79,已取消,2024-07-19,5,OK
215,李娜实习生,财务部,21740.6,进行中,2025-03-17,47,"客户反馈：希望增加导出功能；
预计下个迭代交付。"
216,杨静运维,市场部,48223.4,进行中,2025-03-16,67,"客户反馈：希望增加导出功能；
预计下个迭代交付。"
217,Margaret架构师,研发中心,16779.95,已取消,2025-08-07,79,"需要与跨部门协同，
优先级 P1。"
218,Ada实习生,市场部,10518.68,进行中,2024-03-23,57,常规任务，按计划推进。
219,Grace测试,客户成功,20634.14,进行中,2025-09-10,39,"多行备注第一行
第二行补充说明
第三行是结论。"
220,Ada设计师,安全合规,21267.15,已完成,2023-04-26,18,"多行备注第一行
第二行补充说明
第三行是结论。"
221,Grace实习生,研发中心,21240.34,阻塞,2024-08-26,71,"多行备注第一行
第二行补充说明
第三行是结论。"
222,吴婷产品经理,研发中心,18918.08,待审核,2025-07-25,53,OK
223,王芳设计师,财务部,33905.24,待审核,2024-11-17,45,"多行备注第一行
第二行补充说明
第三行是结论。"
224,Margaret架构师,客户成功,31450.37,已完成,2024-09-28,8,常规任务，按计划推进。
225,周勇设计师,财务部,12409.57,已取消,2025-04-12,67,"需要与跨部门协同，
优先级 P1。"
226,Alan产品经理,财务部,13833.59,阻塞,2024-03-21,39,OK
227,周勇产品经理,数据平台,33844.43,阻塞,2025-03-06,85,OK
228,Ada顾问,财务部,42913.85,阻塞,2023-01-03,6,OK
229,陈杰数据分析师,安全合规,30746.17,阻塞,2025-01-16,81,OK
230,陈杰运维,人力资源,16019.51,待审核,2024-08-03,89,常规任务，按计划推进。
231,李娜实习生,人力资源,26791.3,已完成,2024-10-05,41,"需要与跨部门协同，
优先级 P1。"
232,Ada测试,人力资源,10884.48,已取消,2025-09-04,41,"多行备注第一行
第二行补充说明
第三行是结论。"
233,黄敏产品经理,财务部,25231.82,已完成,2023-01-10,50,OK
234,赵磊数据分析师,安全合规,45603.99,已取消,2025-12-11,25,"多行备注第一行
第二行补充说明
第三行是结论。"
235,黄敏架构师,人力资源,27444.19,已取消,2024-01-03,51,OK
236,黄敏数据分析师,市场部,31250.49,进行中,2023-05-16,77,"客户反馈：希望增加导出功能；
预计下个迭代交付。"
237,陈杰架构师,研发中心,43122.76,待审核,2023-05-24,47,"客户反馈：希望增加导出功能；
预计下个迭代交付。"
238,杨静工程师,人力资源,7302.1,阻塞,2023-06-18,37,常规任务，按计划推进。
239,赵磊架构师,人力资源,39398.19,已取消,2025-11-20,16,"多行备注第一行
第二行补充说明
第三行是结论。"
240,王芳经理,财务部,40770.38,已取消,2025-06-25,19,"多行备注第一行
第二行补充说明
第三行是结论。"
241,吴婷架构师,人力资源,27503.51,进行中,2023-03-23,43,"客户反馈：希望增加导出功能；
预计下个迭代交付。"
242,周勇实习生,市场部,32281.72,阻塞,2023-06-20,41,"多行备注第一行
第二行补充说明
第三行是结论。"
243,赵磊顾问,客户成功,42917.09,阻塞,2024-09-27,66,OK
244,黄敏顾问,财务部,26370.17,进行中,2024-06-22,15,"客户反馈：希望增加导出功能；
预计下个迭代交付。"
245,吴婷运维,安全合规,45444.52,进行中,2025-08-09,84,OK
246,吴婷数据分析师,客户成功,7310.98,待审核,2023-09-21,93,OK
247,Grace经理,市场部,41974.76,已完成,2023-10-23,15,"多行备注第一行
第二行补充说明
第三行是结论。"
248,张伟实习生,财务部,23845.11,待审核,2025-04-14,65,OK
249,Margaret实习生,安全合规,43176.96,进行中,2025-03-17,27,OK
250,杨静实习生,数据平台,21957.11,已完成,2024-09-11,70,"需要与跨部门协同，
优先级 P1。"
251,Linus运维,数据平台,26788.1,已完成,2024-09-10,29,"需要与跨部门协同，
优先级 P1。"
252,Grace运维,客户成功,14327.5,待审核,2024-08-12,72,"需要与跨部门协同，
优先级 P1。"
253,陈杰产品经理,数据平台,35448.0,待审核,2024-06-25,19,"需要与跨部门协同，
优先级 P1。"
254,张伟运维,客户成功,8556.32,待审核,2025-05-24,62,"多行备注第一行
第二行补充说明
第三行是结论。"
255,刘洋架构师,财务部,46986.08,已取消,2023-02-20,95,OK
256,刘洋数据分析师,研发中心,35142.53,阻塞,2023-11-08,7,常规任务，按计划推进。
257,赵磊测试,客户成功,26258.18,已完成,2023-09-06,53,"客户反馈：希望增加导出功能；
预计下个迭代交付。"
258,黄敏数据分析师,安全合规,48376.13,已取消,2024-11-02,99,常规任务，按计划推进。
259,Linus顾问,市场部,29081.85,进行中,2023-07-27,23,常规任务，按计划推进。
260,Alan经理,安全合规,27292.28,已取消,2023-01-10,73,OK
261,王芳测试,财务部,25445.71,阻塞,2025-08-05,65,"客户反馈：希望增加导出功能；
预计下个迭代交付。"
262,陈杰数据分析师,安全合规,10069.1,已完成,2025-08-21,33,"多行备注第一行
第二行补充说明
第三行是结论。"
263,张伟测试,安全合规,18276.09,已完成,2023-10-28,82,"客户反馈：希望增加导出功能；
预计下个迭代交付。"
264,Alan经理,数据平台,19756.7,待审核,2025-02-06,18,"客户反馈：希望增加导出功能；
预计下个迭代交付。"
265,杨静数据分析师,研发中心,16735.34,已完成,2024-05-11,39,OK
266,Ada顾问,研发中心,16769.89,已取消,2025-04-02,86,常规任务，按计划推进。
267,黄敏运维,市场部,23243.75,阻塞,2025-05-23,16,"需要与跨部门协同，
优先级 P1。"
268,杨静顾问,市场部,14860.79,已完成,2024-03-15,96,OK
269,杨静经理,客户成功,29715.55,待审核,2025-11-27,28,"多行备注第一行
第二行补充说明
第三行是结论。"
270,Linus顾问,安全合规,40431.68,阻塞,2024-09-23,47,常规任务，按计划推进。
271,Margaret顾问,研发中心,7779.11,阻塞,2025-04-19,69,"多行备注第一行
第二行补充说明
第三行是结论。"
272,李娜测试,安全合规,28415.37,进行中,2025-04-23,75,"客户反馈：希望增加导出功能；
预计下个迭代交付。"
273,王芳架构师,人力资源,41391.14,待审核,2023-09-14,59,OK
274,张伟架构师,人力资源,35274.55,已取消,2025-01-13,33,常规任务，按计划推进。
275,Ada数据分析师,数据平台,8286.33,待审核,2024-12-03,70,常规任务，按计划推进。
276,Margaret产品经理,人力资源,6428.07,待审核,2023-03-25,83,"客户反馈：希望增加导出功能；
预计下个迭代交付。"
277,杨静经理,人力资源,44132.91,待审核,2024-02-22,85,OK
278,李娜测试,研发中心,13031.31,阻塞,2024-09-05,94,"多行备注第一行
第二行补充说明
第三行是结论。"
279,Alan工程师,安全合规,6023.09,已取消,2024-11-24,70,"客户反馈：希望增加导出功能；
预计下个迭代交付。"
280,周勇经理,安全合规,15334.88,待审核,2024-03-09,25,常规任务，按计划推进。
281,张伟经理,数据平台,39472.41,进行中,2023-04-03,13,OK
282,张伟实习生,数据平台,35241.06,进行中,2023-12-02,52,"客户反馈：希望增加导出功能；
预计下个迭代交付。"
283,刘洋架构师,市场部,38947.36,进行中,2023-09-10,30,OK
284,杨静顾问,数据平台,39764.22,已取消,2023-05-05,85,OK
285,刘洋经理,财务部,17381.93,阻塞,2025-12-06,81,"客户反馈：希望增加导出功能；
预计下个迭代交付。"
286,周勇实习生,研发中心,48753.06,待审核,2025-06-23,54,"客户反馈：希望增加导出功能；
预计下个迭代交付。"
287,李娜运维,人力资源,13274.55,阻塞,2024-04-28,29,"需要与跨部门协同，
优先级 P1。"
288,Alan设计师,安全合规,25836.13,进行中,2025-07-14,72,OK
289,李娜经理,市场部,16474.8,已取消,2025-02-15,48,常规任务，按计划推进。
290,周勇数据分析师,研发中心,17080.77,阻塞,2025-01-28,10,"多行备注第一行
第二行补充说明
第三行是结论。"
291,Grace顾问,客户成功,35215.27,已完成,2024-04-28,43,"需要与跨部门协同，
优先级 P1。"
292,Margaret工程师,市场部,47172.19,进行中,2025-08-08,90,OK
293,Ada数据分析师,人力资源,46180.69,阻塞,2024-05-13,60,OK
294,Linus测试,财务部,16770.27,阻塞,2024-08-04,93,"客户反馈：希望增加导出功能；
预计下个迭代交付。"
295,Grace测试,市场部,21681.72,待审核,2023-10-28,29,"多行备注第一行
第二行补充说明
第三行是结论。"
296,张伟运维,数据平台,47064.12,阻塞,2025-07-10,20,"多行备注第一行
第二行补充说明
第三行是结论。"
297,杨静数据分析师,人力资源,30640.53,已完成,2024-09-21,88,"需要与跨部门协同，
优先级 P1。"
298,陈杰实习生,客户成功,33876.25,待审核,2024-03-24,46,"多行备注第一行
第二行补充说明
第三行是结论。"
299,李娜架构师,人力资源,13282.15,阻塞,2025-01-17,5,常规任务，按计划推进。
300,Alan工程师,安全合规,5287.27,已完成,2025-04-03,91,"多行备注第一行
第二行补充说明
第三行是结论。"
301,张伟数据分析师,数据平台,25520.43,进行中,2025-11-22,79,"客户反馈：希望增加导出功能；
预计下个迭代交付。"
302,Linus实习生,研发中心,5297.56,阻塞,2024-01-01,68,"需要与跨部门协同，
优先级 P1。"
303,周勇运维,研发中心,27599.72,待审核,2023-02-04,68,"多行备注第一行
第二行补充说明
第三行是结论。"
304,刘洋数据分析师,数据平台,28690.52,已取消,2024-07-03,48,"客户反馈：希望增加导出功能；
预计下个迭代交付。"
305,黄敏顾问,市场部,49560.49,已完成,2024-11-27,11,常规任务，按计划推进。
306,王芳经理,人力资源,21972.63,待审核,2023-11-01,90,"多行备注第一行
第二行补充说明
第三行是结论。"
307,王芳实习生,安全合规,24525.93,已取消,2025-02-17,6,"多行备注第一行
第二行补充说明
第三行是结论。"
308,刘洋顾问,人力资源,17199.28,进行中,2025-05-18,73,常规任务，按计划推进。
309,李娜测试,研发中心,48266.11,阻塞,2023-12-27,51,常规任务，按计划推进。
310,陈杰设计师,数据平台,15821.25,待审核,2025-09-11,50,"多行备注第一行
第二行补充说明
第三行是结论。"
311,Grace产品经理,数据平台,38545.55,已取消,2023-02-14,30,常规任务，按计划推进。
312,杨静顾问,安全合规,32623.94,阻塞,2024-06-01,82,"需要与跨部门协同，
优先级 P1。"
313,Grace实习生,人力资源,15266.23,阻塞,2024-07-06,88,OK
314,Linus经理,研发中心,39747.53,已取消,2023-12-03,11,"需要与跨部门协同，
优先级 P1。"
315,李娜经理,客户成功,40275.06,已完成,2025-07-11,47,常规任务，按计划推进。
316,王芳工程师,财务部,25013.11,已取消,2023-03-03,24,"客户反馈：希望增加导出功能；
预计下个迭代交付。"
317,黄敏架构师,数据平台,28059.84,进行中,2023-02-12,71,常规任务，按计划推进。
318,吴婷顾问,安全合规,19599.36,待审核,2023-05-14,50,常规任务，按计划推进。
319,Ada架构师,市场部,30738.22,已完成,2025-07-06,18,"需要与跨部门协同，
优先级 P1。"
320,陈杰运维,人力资源,11567.07,已完成,2024-05-14,39,"客户反馈：希望增加导出功能；
预计下个迭代交付。"
321,Grace产品经理,财务部,16326.49,已完成,2025-11-16,77,OK
322,刘洋实习生,研发中心,11097.03,进行中,2024-06-27,80,"客户反馈：希望增加导出功能；
预计下个迭代交付。"
323,Grace测试,人力资源,20063.13,阻塞,2023-05-11,78,"多行备注第一行
第二行补充说明
第三行是结论。"
324,黄敏测试,市场部,48405.86,已取消,2024-12-23,82,"客户反馈：希望增加导出功能；
预计下个迭代交付。"
325,吴婷数据分析师,财务部,21922.49,待审核,2024-02-19,26,OK
326,周勇设计师,客户成功,39542.81,进行中,2025-08-23,27,"客户反馈：希望增加导出功能；
预计下个迭代交付。"
327,Grace运维,安全合规,36177.59,待审核,2025-08-05,82,"需要与跨部门协同，
优先级 P1。"
328,刘洋运维,客户成功,11936.45,待审核,2024-02-15,77,"客户反馈：希望增加导出功能；
预计下个迭代交付。"
329,吴婷经理,数据平台,27797.57,待审核,2025-01-26,47,OK
330,吴婷产品经理,研发中心,39602.93,已取消,2023-11-20,6,OK
331,Linus经理,安全合规,19921.85,待审核,2023-01-04,34,"多行备注第一行
第二行补充说明
第三行是结论。"
332,周勇架构师,数据平台,31123.32,阻塞,2023-08-12,51,"客户反馈：希望增加导出功能；
预计下个迭代交付。"
333,Grace顾问,客户成功,27520.96,已取消,2023-08-04,38,"客户反馈：希望增加导出功能；
预计下个迭代交付。"
334,Margaret产品经理,研发中心,42409.3,已完成,2024-05-11,59,"多行备注第一行
第二行补充说明
第三行是结论。"
335,周勇实习生,财务部,26427.31,待审核,2025-12-15,41,常规任务，按计划推进。
336,陈杰工程师,安全合规,36985.05,进行中,2024-11-04,87,"多行备注第一行
第二行补充说明
第三行是结论。"
337,Margaret数据分析师,数据平台,12850.4,已完成,2024-09-14,60,"多行备注第一行
第二行补充说明
第三行是结论。"
338,Grace经理,客户成功,13300.33,待审核,2024-01-24,79,"多行备注第一行
第二行补充说明
第三行是结论。"
339,黄敏顾问,人力资源,22497.61,已完成,2023-05-25,91,常规任务，按计划推进。
340,吴婷产品经理,安全合规,44239.07,已完成,2024-06-07,59,常规任务，按计划推进。
341,陈杰实习生,数据平台,48466.24,已取消,2025-07-20,51,OK
342,王芳测试,财务部,43048.3,阻塞,2023-11-23,39,OK
343,吴婷产品经理,客户成功,11027.65,进行中,2023-05-04,24,"需要与跨部门协同，
优先级 P1。"
344,Ada设计师,数据平台,22480.85,阻塞,2023-10-13,55,"多行备注第一行
第二行补充说明
第三行是结论。"
345,黄敏架构师,客户成功,46362.24,已完成,2025-03-16,37,"多行备注第一行
第二行补充说明
第三行是结论。"
346,李娜测试,安全合规,25295.04,进行中,2024-01-16,18,"多行备注第一行
第二行补充说明
第三行是结论。"
347,Alan经理,数据平台,27744.71,待审核,2024-11-16,54,"客户反馈：希望增加导出功能；
预计下个迭代交付。"
348,黄敏设计师,研发中心,30442.9,已完成,2024-01-09,29,OK
349,陈杰设计师,安全合规,25579.46,待审核,2025-09-04,74,常规任务，按计划推进。
350,陈杰架构师,安全合规,49590.21,阻塞,2023-12-15,70,"多行备注第一行
第二行补充说明
第三行是结论。"
351,赵磊产品经理,客户成功,42353.18,已完成,2024-01-15,34,"需要与跨部门协同，
优先级 P1。"
352,Alan产品经理,人力资源,43938.07,进行中,2023-04-26,95,OK
353,Ada测试,安全合规,36983.93,待审核,2023-10-05,27,"多行备注第一行
第二行补充说明
第三行是结论。"
354,Grace工程师,数据平台,20786.7,已取消,2025-09-06,42,"需要与跨部门协同，
优先级 P1。"
355,陈杰顾问,财务部,47857.88,阻塞,2025-02-05,97,"客户反馈：希望增加导出功能；
预计下个迭代交付。"
356,Margaret工程师,财务部,44017.14,已完成,2025-03-08,19,"需要与跨部门协同，
优先级 P1。"
357,Alan数据分析师,安全合规,42960.0,待审核,2024-03-19,81,"需要与跨部门协同，
优先级 P1。"
358,Linus经理,人力资源,25339.63,进行中,2024-09-24,36,"需要与跨部门协同，
优先级 P1。"
359,黄敏实习生,财务部,31188.0,进行中,2025-08-21,86,"需要与跨部门协同，
优先级 P1。"
360,Alan产品经理,安全合规,29049.1,已完成,2024-04-16,35,"需要与跨部门协同，
优先级 P1。"
361,Alan运维,财务部,29628.97,已完成,2025-08-26,44,常规任务，按计划推进。
362,张伟产品经理,客户成功,40275.04,待审核,2023-02-28,21,"客户反馈：希望增加导出功能；
预计下个迭代交付。"
363,黄敏工程师,人力资源,14104.32,已完成,2025-05-06,36,常规任务，按计划推进。
364,Linus测试,财务部,8708.92,已完成,2023-07-21,40,"多行备注第一行
第二行补充说明
第三行是结论。"
365,赵磊产品经理,客户成功,9283.27,已完成,2024-02-05,76,"多行备注第一行
第二行补充说明
第三行是结论。"
366,周勇实习生,研发中心,5362.82,已取消,2023-07-23,17,"客户反馈：希望增加导出功能；
预计下个迭代交付。"
367,王芳数据分析师,人力资源,9019.9,进行中,2023-06-12,39,"多行备注第一行
第二行补充说明
第三行是结论。"
368,赵磊设计师,客户成功,49682.31,已完成,2023-09-19,2,OK
369,Linus设计师,人力资源,20803.45,已完成,2025-12-05,53,OK
370,Linus实习生,安全合规,14776.01,进行中,2023-02-19,94,"客户反馈：希望增加导出功能；
预计下个迭代交付。"
371,杨静经理,财务部,40598.45,已完成,2024-11-03,32,OK
372,吴婷顾问,客户成功,32341.69,进行中,2025-05-07,67,OK
373,周勇数据分析师,客户成功,22628.8,进行中,2023-08-13,15,"多行备注第一行
第二行补充说明
第三行是结论。"
374,黄敏顾问,研发中心,28772.89,进行中,2024-06-05,50,OK
375,赵磊测试,数据平台,35732.39,待审核,2023-01-19,9,常规任务，按计划推进。
376,陈杰数据分析师,研发中心,46516.07,待审核,2025-05-21,92,OK
377,Grace经理,人力资源,36581.48,进行中,2025-09-18,79,"多行备注第一行
第二行补充说明
第三行是结论。"
378,陈杰产品经理,财务部,8555.97,已完成,2023-09-11,51,OK
379,Linus产品经理,财务部,36440.41,已完成,2023-04-03,56,常规任务，按计划推进。
380,黄敏顾问,数据平台,7476.29,已完成,2023-01-23,18,常规任务，按计划推进。
381,李娜实习生,财务部,28535.24,已取消,2023-06-05,96,"需要与跨部门协同，
优先级 P1。"
382,Ada产品经理,安全合规,45495.38,已取消,2024-05-17,9,"需要与跨部门协同，
优先级 P1。"
383,Ada顾问,客户成功,8468.15,待审核,2025-06-02,64,OK
384,李娜测试,市场部,16480.22,进行中,2025-11-24,15,"多行备注第一行
第二行补充说明
第三行是结论。"
385,Ada架构师,研发中心,6981.71,进行中,2023-01-16,47,"客户反馈：希望增加导出功能；
预计下个迭代交付。"
386,Margaret设计师,市场部,46902.2,进行中,2025-12-24,84,"客户反馈：希望增加导出功能；
预计下个迭代交付。"
387,刘洋测试,市场部,23731.55,已取消,2024-02-19,48,常规任务，按计划推进。
388,周勇工程师,市场部,15043.33,阻塞,2023-07-03,60,"需要与跨部门协同，
优先级 P1。"
389,Grace运维,财务部,8887.35,待审核,2023-06-07,38,OK
390,Grace运维,客户成功,33022.29,待审核,2024-10-16,99,"多行备注第一行
第二行补充说明
第三行是结论。"
391,Ada架构师,安全合规,40818.81,已完成,2023-07-01,30,OK
392,杨静工程师,财务部,5065.79,待审核,2025-12-10,14,"多行备注第一行
第二行补充说明
第三行是结论。"
393,周勇数据分析师,人力资源,27141.3,进行中,2023-12-09,12,常规任务，按计划推进。
394,Margaret数据分析师,安全合规,28389.16,已取消,2024-12-03,75,常规任务，按计划推进。
395,周勇设计师,客户成功,41898.33,进行中,2025-10-02,56,"多行备注第一行
第二行补充说明
第三行是结论。"
396,刘洋运维,财务部,43291.12,待审核,2025-12-11,41,"客户反馈：希望增加导出功能；
预计下个迭代交付。"
397,陈杰数据分析师,研发中心,47459.96,已完成,2025-02-05,14,"多行备注第一行
第二行补充说明
第三行是结论。"
398,黄敏实习生,财务部,23293.06,阻塞,2024-04-15,40,"客户反馈：希望增加导出功能；
预计下个迭代交付。"
399,陈杰产品经理,研发中心,12092.69,已取消,2025-12-20,6,"多行备注第一行
第二行补充说明
第三行是结论。"
400,Alan测试,市场部,9104.58,已完成,2024-07-17,7,"需要与跨部门协同，
优先级 P1。"
401,陈杰设计师,研发中心,47844.35,待审核,2025-12-18,32,常规任务，按计划推进。
402,黄敏产品经理,安全合规,40721.44,进行中,2023-01-27,100,"多行备注第一行
第二行补充说明
第三行是结论。"
403,李娜数据分析师,安全合规,23026.18,进行中,2025-10-09,10,常规任务，按计划推进。
404,王芳数据分析师,客户成功,24954.41,已完成,2023-06-04,6,"客户反馈：希望增加导出功能；
预计下个迭代交付。"
405,张伟设计师,数据平台,24492.04,待审核,2024-01-13,88,"客户反馈：希望增加导出功能；
预计下个迭代交付。"
406,李娜测试,市场部,45873.69,已取消,2024-08-05,5,OK
407,吴婷顾问,市场部,34127.53,待审核,2024-09-16,8,常规任务，按计划推进。
408,陈杰经理,市场部,23865.57,阻塞,2023-11-26,70,常规任务，按计划推进。
409,赵磊测试,人力资源,29503.3,待审核,2024-10-17,42,"客户反馈：希望增加导出功能；
预计下个迭代交付。"
410,陈杰设计师,研发中心,19349.49,已完成,2023-05-02,61,OK
411,杨静顾问,市场部,48829.09,进行中,2023-11-08,35,OK
412,Alan工程师,安全合规,49837.64,已完成,2025-07-12,23,"多行备注第一行
第二行补充说明
第三行是结论。"
413,刘洋顾问,财务部,41279.46,已取消,2025-01-23,90,"需要与跨部门协同，
优先级 P1。"
414,吴婷顾问,市场部,30339.9,已完成,2024-09-10,23,"客户反馈：希望增加导出功能；
预计下个迭代交付。"
415,张伟产品经理,研发中心,15468.05,已完成,2023-09-16,1,"需要与跨部门协同，
优先级 P1。"
416,Margaret顾问,市场部,41290.04,已取消,2025-03-26,42,常规任务，按计划推进。
417,张伟设计师,数据平台,36711.34,已完成,2023-09-28,47,常规任务，按计划推进。
418,杨静经理,数据平台,9546.45,已取消,2024-03-06,94,"客户反馈：希望增加导出功能；
预计下个迭代交付。"
419,Grace实习生,客户成功,19277.75,阻塞,2025-10-26,46,"多行备注第一行
第二行补充说明
第三行是结论。"
420,Linus顾问,安全合规,12890.82,已取消,2025-12-10,17,"多行备注第一行
第二行补充说明
第三行是结论。"
421,Ada工程师,客户成功,47691.42,待审核,2025-01-06,78,"需要与跨部门协同，
优先级 P1。"
422,Margaret顾问,市场部,33784.1,进行中,2024-03-11,96,常规任务，按计划推进。
423,刘洋测试,财务部,12554.93,进行中,2025-11-21,94,"需要与跨部门协同，
优先级 P1。"
424,黄敏工程师,财务部,14435.79,进行中,2024-05-26,14,常规任务，按计划推进。
425,张伟经理,人力资源,37966.3,已完成,2024-08-13,45,OK
426,赵磊产品经理,安全合规,26577.02,阻塞,2025-11-08,21,"客户反馈：希望增加导出功能；
预计下个迭代交付。"
427,王芳工程师,财务部,5903.51,已取消,2023-02-11,22,"客户反馈：希望增加导出功能；
预计下个迭代交付。"
428,李娜产品经理,数据平台,47382.54,进行中,2024-10-20,62,常规任务，按计划推进。
429,赵磊设计师,数据平台,45038.9,已完成,2023-02-11,27,"多行备注第一行
第二行补充说明
第三行是结论。"
430,赵磊架构师,客户成功,46650.81,阻塞,2024-11-10,39,"多行备注第一行
第二行补充说明
第三行是结论。"
431,王芳工程师,人力资源,30729.64,待审核,2023-01-12,1,"客户反馈：希望增加导出功能；
预计下个迭代交付。"
432,王芳运维,安全合规,34790.91,阻塞,2024-04-04,4,"多行备注第一行
第二行补充说明
第三行是结论。"
433,李娜运维,研发中心,26310.68,进行中,2024-07-16,63,"需要与跨部门协同，
优先级 P1。"
434,王芳架构师,人力资源,13319.65,待审核,2024-03-15,6,"需要与跨部门协同，
优先级 P1。"
435,黄敏实习生,财务部,15180.9,已取消,2025-01-05,97,常规任务，按计划推进。
436,王芳测试,安全合规,29365.21,阻塞,2023-09-02,50,OK
437,赵磊架构师,客户成功,44010.23,待审核,2025-04-16,39,常规任务，按计划推进。
438,赵磊工程师,数据平台,30704.9,阻塞,2025-11-20,19,常规任务，按计划推进。
439,Grace实习生,市场部,47707.77,已完成,2023-04-05,6,"客户反馈：希望增加导出功能；
预计下个迭代交付。"
440,王芳经理,市场部,49877.12,已完成,2025-05-11,94,常规任务，按计划推进。
441,王芳经理,数据平台,22880.97,已取消,2024-09-15,2,OK
442,吴婷架构师,安全合规,23881.72,待审核,2023-03-19,76,OK
443,Grace产品经理,研发中心,30320.77,进行中,2024-09-12,53,"需要与跨部门协同，
优先级 P1。"
444,赵磊实习生,数据平台,32403.3,进行中,2023-05-13,19,OK
445,吴婷经理,研发中心,22810.67,已取消,2025-04-02,96,"客户反馈：希望增加导出功能；
预计下个迭代交付。"
446,Margaret运维,财务部,5910.48,已取消,2024-05-27,63,常规任务，按计划推进。
447,Alan数据分析师,市场部,18521.62,待审核,2024-05-24,54,OK
448,Linus产品经理,市场部,24877.25,待审核,2025-08-25,67,"需要与跨部门协同，
优先级 P1。"
449,Alan工程师,数据平台,40617.07,进行中,2024-12-17,52,"多行备注第一行
第二行补充说明
第三行是结论。"
450,Grace架构师,数据平台,6302.67,已完成,2023-01-08,5,"客户反馈：希望增加导出功能；
预计下个迭代交付。"
451,张伟测试,客户成功,13959.94,已取消,2024-09-13,82,常规任务，按计划推进。
452,Linus工程师,市场部,21761.0,阻塞,2024-03-28,61,OK
453,周勇测试,财务部,12358.11,已取消,2025-12-03,37,常规任务，按计划推进。
454,赵磊工程师,市场部,43421.96,已完成,2023-11-08,87,"多行备注第一行
第二行补充说明
第三行是结论。"
455,陈杰经理,数据平台,5902.36,进行中,2024-03-21,23,OK
456,Grace工程师,市场部,16357.57,已取消,2025-12-21,36,"客户反馈：希望增加导出功能；
预计下个迭代交付。"
457,Margaret经理,安全合规,20691.91,已取消,2023-08-10,87,OK
458,Alan顾问,人力资源,31301.92,进行中,2025-11-27,48,OK
459,Linus顾问,数据平台,17720.46,进行中,2024-02-11,36,"需要与跨部门协同，
优先级 P1。"
460,Alan运维,财务部,34525.38,已取消,2023-03-17,98,"多行备注第一行
第二行补充说明
第三行是结论。"
461,Margaret工程师,安全合规,43579.19,阻塞,2024-11-11,88,"多行备注第一行
第二行补充说明
第三行是结论。"
462,Ada工程师,客户成功,27381.78,已取消,2024-07-13,50,常规任务，按计划推进。
463,吴婷顾问,安全合规,13546.18,已完成,2025-09-21,61,"需要与跨部门协同，
优先级 P1。"
464,周勇运维,安全合规,12649.4,阻塞,2023-05-04,61,"多行备注第一行
第二行补充说明
第三行是结论。"
465,Ada运维,客户成功,41375.47,已完成,2025-06-21,12,"多行备注第一行
第二行补充说明
第三行是结论。"
466,杨静数据分析师,客户成功,44214.45,待审核,2024-06-09,75,"需要与跨部门协同，
优先级 P1。"
467,黄敏产品经理,人力资源,7415.46,阻塞,2025-10-03,61,"多行备注第一行
第二行补充说明
第三行是结论。"
468,周勇产品经理,安全合规,35631.4,阻塞,2024-07-02,20,"多行备注第一行
第二行补充说明
第三行是结论。"
469,刘洋测试,人力资源,49423.62,待审核,2023-06-28,92,"多行备注第一行
第二行补充说明
第三行是结论。"
470,Grace产品经理,人力资源,19968.33,已完成,2024-11-02,1,"客户反馈：希望增加导出功能；
预计下个迭代交付。"
471,陈杰数据分析师,安全合规,39809.4,阻塞,2023-08-26,98,常规任务，按计划推进。
472,李娜顾问,人力资源,33506.94,待审核,2024-08-13,1,常规任务，按计划推进。
473,周勇数据分析师,客户成功,21789.56,进行中,2024-09-07,3,常规任务，按计划推进。
474,Linus数据分析师,市场部,36208.61,已取消,2024-03-04,50,OK
475,吴婷运维,市场部,7937.92,进行中,2024-05-15,94,OK
476,吴婷架构师,财务部,24514.94,已完成,2024-08-12,97,"多行备注第一行
第二行补充说明
第三行是结论。"
477,李娜经理,研发中心,15278.82,已完成,2023-12-01,76,OK
478,李娜产品经理,财务部,36999.95,进行中,2024-11-09,99,OK
479,吴婷工程师,数据平台,49760.61,进行中,2025-01-02,89,常规任务，按计划推进。
480,赵磊实习生,人力资源,10561.78,已取消,2024-12-05,27,常规任务，按计划推进。
481,陈杰经理,客户成功,9544.09,阻塞,2024-10-20,90,"多行备注第一行
第二行补充说明
第三行是结论。"
482,赵磊产品经理,数据平台,37344.48,进行中,2024-02-26,14,"客户反馈：希望增加导出功能；
预计下个迭代交付。"
483,刘洋顾问,市场部,40008.15,阻塞,2023-06-23,53,"需要与跨部门协同，
优先级 P1。"
484,李娜工程师,数据平台,27335.96,已完成,2025-08-11,31,常规任务，按计划推进。
485,张伟产品经理,研发中心,42585.45,待审核,2023-02-25,66,常规任务，按计划推进。
486,Ada产品经理,财务部,33995.16,待审核,2024-05-15,7,常规任务，按计划推进。
487,Alan设计师,安全合规,6775.0,已取消,2024-11-11,55,常规任务，按计划推进。
488,王芳工程师,研发中心,43339.94,已完成,2024-06-15,80,"需要与跨部门协同，
优先级 P1。"
489,Margaret产品经理,财务部,41673.39,已完成,2023-07-13,59,"需要与跨部门协同，
优先级 P1。"
490,Alan经理,客户成功,43280.22,待审核,2025-03-04,17,常规任务，按计划推进。
491,Alan设计师,研发中心,23721.25,阻塞,2024-10-22,57,"多行备注第一行
第二行补充说明
第三行是结论。"
492,吴婷经理,安全合规,21136.95,进行中,2025-12-05,62,"客户反馈：希望增加导出功能；
预计下个迭代交付。"
493,王芳经理,人力资源,7068.75,已取消,2025-06-01,91,OK
494,Grace顾问,客户成功,30425.55,已取消,2025-09-23,90,OK
495,王芳经理,客户成功,37699.34,待审核,2024-11-22,83,"客户反馈：希望增加导出功能；
预计下个迭代交付。"
496,李娜架构师,数据平台,7455.48,已完成,2025-08-28,64,"多行备注第一行
第二行补充说明
第三行是结论。"
497,王芳实习生,财务部,15840.13,已取消,2023-09-08,71,"客户反馈：希望增加导出功能；
预计下个迭代交付。"
498,赵磊数据分析师,研发中心,25659.26,阻塞,2024-02-28,64,"客户反馈：希望增加导出功能；
预计下个迭代交付。"
499,杨静产品经理,人力资源,38535.75,进行中,2023-07-14,5,OK
500,周勇工程师,安全合规,9090.3,阻塞,2025-11-10,66,OK
501,刘洋实习生,财务部,21350.41,进行中,2023-08-11,72,OK
502,吴婷实习生,客户成功,34572.52,待审核,2023-02-25,85,"多行备注第一行
第二行补充说明
第三行是结论。"
503,张伟测试,财务部,42344.77,已取消,2025-09-12,90,常规任务，按计划推进。
504,张伟设计师,人力资源,11320.21,待审核,2023-05-20,26,"多行备注第一行
第二行补充说明
第三行是结论。"
505,王芳经理,市场部,25567.07,已完成,2025-06-04,97,"客户反馈：希望增加导出功能；
预计下个迭代交付。"
506,张伟顾问,研发中心,39746.53,待审核,2024-11-19,65,"多行备注第一行
第二行补充说明
第三行是结论。"
507,黄敏工程师,数据平台,38129.63,阻塞,2024-10-16,66,"多行备注第一行
第二行补充说明
第三行是结论。"
508,Ada顾问,市场部,37872.26,已完成,2023-07-22,77,OK
509,Margaret测试,数据平台,44662.58,待审核,2025-12-25,32,"需要与跨部门协同，
优先级 P1。"
510,赵磊测试,财务部,25378.06,已完成,2023-07-20,90,OK
511,陈杰架构师,安全合规,19125.99,阻塞,2025-04-07,27,OK
512,Ada运维,客户成功,20538.21,已完成,2025-11-06,65,OK
513,Ada测试,客户成功,10193.24,已取消,2025-08-19,74,"客户反馈：希望增加导出功能；
预计下个迭代交付。"
514,Linus架构师,财务部,44486.48,待审核,2023-09-04,4,"客户反馈：希望增加导出功能；
预计下个迭代交付。"
515,李娜工程师,客户成功,7547.21,已取消,2023-05-22,33,"多行备注第一行
第二行补充说明
第三行是结论。"
516,Alan工程师,客户成功,40296.08,已完成,2025-01-12,58,常规任务，按计划推进。
517,吴婷架构师,安全合规,15093.83,阻塞,2024-04-17,90,"需要与跨部门协同，
优先级 P1。"
518,Ada工程师,人力资源,22439.96,已取消,2025-01-01,96,"需要与跨部门协同，
优先级 P1。"
519,刘洋顾问,安全合规,40141.62,待审核,2023-11-23,91,"需要与跨部门协同，
优先级 P1。"
520,Grace顾问,数据平台,38230.25,已完成,2025-04-10,58,"多行备注第一行
第二行补充说明
第三行是结论。"
521,Linus产品经理,市场部,48311.39,阻塞,2023-07-02,55,"需要与跨部门协同，
优先级 P1。"
522,周勇运维,市场部,12241.8,已取消,2023-06-15,91,"多行备注第一行
第二行补充说明
第三行是结论。"
523,张伟设计师,财务部,31859.61,阻塞,2025-05-16,74,OK
524,杨静产品经理,安全合规,36845.67,阻塞,2023-03-17,9,OK
525,李娜经理,数据平台,29166.62,进行中,2024-04-07,85,"需要与跨部门协同，
优先级 P1。"
526,杨静测试,财务部,14830.04,阻塞,2025-08-18,97,常规任务，按计划推进。
527,王芳测试,人力资源,15815.65,阻塞,2025-04-02,88,"需要与跨部门协同，
优先级 P1。"
528,赵磊产品经理,人力资源,16546.58,已取消,2023-09-27,99,"需要与跨部门协同，
优先级 P1。"
529,周勇架构师,人力资源,26906.21,已取消,2025-04-11,66,常规任务，按计划推进。
530,王芳设计师,安全合规,29208.87,进行中,2025-02-07,86,"多行备注第一行
第二行补充说明
第三行是结论。"
531,Alan经理,安全合规,9676.71,阻塞,2025-12-25,56,常规任务，按计划推进。
532,Ada设计师,研发中心,25665.14,已取消,2023-02-03,7,"多行备注第一行
第二行补充说明
第三行是结论。"
533,Grace运维,数据平台,8169.89,已完成,2024-07-13,58,"客户反馈：希望增加导出功能；
预计下个迭代交付。"
534,赵磊测试,研发中心,22527.58,进行中,2025-01-21,93,OK
535,王芳顾问,研发中心,36539.69,进行中,2024-09-04,38,"需要与跨部门协同，
优先级 P1。"
536,吴婷产品经理,财务部,39437.34,待审核,2024-07-27,85,常规任务，按计划推进。
537,黄敏设计师,数据平台,14893.96,待审核,2025-05-21,19,"需要与跨部门协同，
优先级 P1。"
538,Linus测试,研发中心,29908.59,阻塞,2023-02-02,1,OK
539,吴婷经理,数据平台,29638.65,进行中,2024-04-24,95,"需要与跨部门协同，
优先级 P1。"
540,刘洋经理,客户成功,43315.65,已完成,2023-03-08,79,"需要与跨部门协同，
优先级 P1。"
541,刘洋产品经理,市场部,35194.01,阻塞,2023-09-15,83,OK
542,王芳运维,客户成功,8031.32,进行中,2023-12-19,63,"需要与跨部门协同，
优先级 P1。"
543,杨静设计师,客户成功,34496.28,进行中,2024-10-03,25,"需要与跨部门协同，
优先级 P1。"
544,黄敏实习生,财务部,32735.41,已取消,2025-10-05,73,OK
545,杨静测试,人力资源,12588.78,已取消,2023-04-23,95,"客户反馈：希望增加导出功能；
预计下个迭代交付。"
546,陈杰测试,市场部,35581.11,已取消,2024-08-15,46,"需要与跨部门协同，
优先级 P1。"
547,黄敏架构师,研发中心,12909.66,阻塞,2023-05-28,18,OK
548,刘洋运维,客户成功,44885.11,进行中,2025-02-01,65,常规任务，按计划推进。
549,Alan顾问,数据平台,23231.05,阻塞,2023-01-18,34,OK
550,Margaret架构师,人力资源,34425.87,已完成,2024-07-08,99,OK
551,Ada运维,市场部,25911.55,阻塞,2023-07-12,65,常规任务，按计划推进。
552,Linus数据分析师,安全合规,48380.01,阻塞,2025-03-25,66,"多行备注第一行
第二行补充说明
第三行是结论。"
553,黄敏设计师,市场部,30486.08,阻塞,2025-03-24,94,"客户反馈：希望增加导出功能；
预计下个迭代交付。"
554,杨静工程师,市场部,39266.26,已完成,2023-05-12,30,常规任务，按计划推进。
555,Linus数据分析师,数据平台,45847.67,已取消,2024-08-15,6,常规任务，按计划推进。
556,Linus测试,研发中心,36668.13,阻塞,2025-05-27,95,"需要与跨部门协同，
优先级 P1。"
557,吴婷架构师,数据平台,12823.24,待审核,2024-10-21,10,OK
558,陈杰经理,市场部,28236.73,已取消,2024-08-26,62,OK
559,张伟架构师,市场部,24795.44,已完成,2023-09-21,36,"多行备注第一行
第二行补充说明
第三行是结论。"
560,李娜设计师,市场部,21300.03,进行中,2025-04-14,43,常规任务，按计划推进。
561,黄敏实习生,人力资源,14481.68,已完成,2025-07-01,32,常规任务，按计划推进。
562,李娜顾问,数据平台,12250.81,阻塞,2023-10-05,8,"多行备注第一行
第二行补充说明
第三行是结论。"
563,陈杰设计师,数据平台,48120.73,阻塞,2025-11-01,93,"需要与跨部门协同，
优先级 P1。"
564,王芳数据分析师,人力资源,32293.67,待审核,2024-03-08,53,OK
565,李娜顾问,安全合规,39537.06,阻塞,2025-09-09,22,"需要与跨部门协同，
优先级 P1。"
566,Margaret实习生,数据平台,31576.82,已完成,2024-07-05,14,常规任务，按计划推进。
567,刘洋架构师,安全合规,45920.27,待审核,2023-10-04,23,"客户反馈：希望增加导出功能；
预计下个迭代交付。"
568,Margaret顾问,数据平台,6756.65,阻塞,2025-02-03,62,"多行备注第一行
第二行补充说明
第三行是结论。"
569,Margaret顾问,数据平台,42238.48,待审核,2025-07-12,6,OK
570,赵磊数据分析师,安全合规,26695.56,待审核,2024-10-26,95,OK
571,王芳经理,市场部,16453.31,已完成,2023-05-20,70,"客户反馈：希望增加导出功能；
预计下个迭代交付。"
572,陈杰数据分析师,研发中心,36911.7,进行中,2025-09-04,67,常规任务，按计划推进。
573,赵磊数据分析师,客户成功,41192.92,待审核,2024-02-05,55,OK
574,陈杰运维,安全合规,29124.72,阻塞,2024-10-09,88,"客户反馈：希望增加导出功能；
预计下个迭代交付。"
575,Grace数据分析师,人力资源,29844.72,阻塞,2024-03-12,72,OK
576,黄敏运维,财务部,30994.3,待审核,2025-03-28,85,常规任务，按计划推进。
577,Ada数据分析师,人力资源,40239.92,已完成,2023-04-17,52,"需要与跨部门协同，
优先级 P1。"
578,Grace架构师,数据平台,36367.58,进行中,2023-07-21,1,常规任务，按计划推进。
579,Alan设计师,人力资源,46663.78,待审核,2023-02-09,29,"需要与跨部门协同，
优先级 P1。"
580,王芳顾问,研发中心,37602.26,待审核,2025-11-17,37,OK
581,张伟设计师,客户成功,27246.58,进行中,2023-11-26,67,"需要与跨部门协同，
优先级 P1。"
582,刘洋工程师,安全合规,31978.17,阻塞,2025-04-20,22,常规任务，按计划推进。
583,杨静数据分析师,客户成功,5012.93,已完成,2023-05-25,52,"需要与跨部门协同，
优先级 P1。"
584,Linus经理,人力资源,31373.61,阻塞,2023-12-23,9,常规任务，按计划推进。
585,周勇运维,客户成功,42339.42,阻塞,2024-06-27,36,"多行备注第一行
第二行补充说明
第三行是结论。"
586,吴婷数据分析师,人力资源,46837.12,阻塞,2023-05-06,53,OK
587,王芳架构师,研发中心,27642.61,已取消,2023-09-09,69,OK
588,陈杰实习生,人力资源,30342.59,已完成,2024-08-22,59,OK
589,Alan工程师,人力资源,10232.07,进行中,2024-11-26,29,"多行备注第一行
第二行补充说明
第三行是结论。"
590,Grace测试,人力资源,47995.06,阻塞,2025-01-23,34,"多行备注第一行
第二行补充说明
第三行是结论。"
591,陈杰产品经理,人力资源,35316.41,已取消,2023-09-06,61,"需要与跨部门协同，
优先级 P1。"
592,杨静数据分析师,数据平台,17108.41,已完成,2024-12-07,31,"多行备注第一行
第二行补充说明
第三行是结论。"
593,Alan运维,市场部,15314.34,已完成,2025-06-05,100,常规任务，按计划推进。
594,王芳产品经理,客户成功,48010.09,待审核,2025-01-25,70,常规任务，按计划推进。
595,Alan实习生,财务部,32930.04,待审核,2025-05-16,24,OK
596,陈杰经理,市场部,38757.62,已完成,2023-09-26,55,"客户反馈：希望增加导出功能；
预计下个迭代交付。"
597,周勇工程师,数据平台,20628.0,已完成,2024-02-23,67,"客户反馈：希望增加导出功能；
预计下个迭代交付。"
598,杨静工程师,研发中心,35334.64,待审核,2025-02-11,47,OK
599,Alan运维,市场部,29685.35,已完成,2024-08-20,44,"需要与跨部门协同，
优先级 P1。"
600,李娜实习生,人力资源,14473.96,已取消,2024-07-09,58,"多行备注第一行
第二行补充说明
第三行是结论。"
601,吴婷设计师,数据平台,35870.54,进行中,2025-05-26,31,OK
602,赵磊经理,市场部,11562.97,已完成,2024-01-06,54,"客户反馈：希望增加导出功能；
预计下个迭代交付。"
603,李娜架构师,数据平台,37425.21,待审核,2024-05-18,73,常规任务，按计划推进。
604,赵磊产品经理,客户成功,12350.38,已完成,2024-08-27,81,常规任务，按计划推进。
605,黄敏测试,财务部,21243.29,阻塞,2025-05-12,3,"客户反馈：希望增加导出功能；
预计下个迭代交付。"
606,王芳测试,安全合规,35581.36,阻塞,2023-10-19,84,OK
607,李娜运维,财务部,19629.06,阻塞,2024-12-15,11,"客户反馈：希望增加导出功能；
预计下个迭代交付。"
608,吴婷运维,人力资源,33427.05,已完成,2023-11-26,44,"客户反馈：希望增加导出功能；
预计下个迭代交付。"
609,Linus顾问,数据平台,23214.77,进行中,2023-03-11,30,"需要与跨部门协同，
优先级 P1。"
610,杨静运维,客户成功,17036.26,待审核,2024-08-25,47,OK
611,周勇实习生,人力资源,12529.31,进行中,2023-12-08,85,"需要与跨部门协同，
优先级 P1。"
612,Ada产品经理,市场部,12510.97,进行中,2023-02-16,71,常规任务，按计划推进。
613,张伟经理,数据平台,39424.84,进行中,2023-05-20,20,常规任务，按计划推进。
614,Linus经理,财务部,15321.02,已取消,2024-11-05,17,OK
615,Alan设计师,研发中心,6581.97,已取消,2024-08-15,70,"需要与跨部门协同，
优先级 P1。"
616,周勇实习生,市场部,48629.4,阻塞,2023-10-20,59,OK
617,赵磊架构师,客户成功,33778.77,已取消,2024-08-18,30,常规任务，按计划推进。
618,黄敏运维,财务部,23549.17,已完成,2024-01-01,67,"多行备注第一行
第二行补充说明
第三行是结论。"
619,杨静运维,人力资源,29079.45,待审核,2024-05-01,99,"客户反馈：希望增加导出功能；
预计下个迭代交付。"
620,Grace运维,数据平台,15404.69,进行中,2025-06-07,53,OK
621,赵磊经理,市场部,12347.13,待审核,2024-04-09,11,"客户反馈：希望增加导出功能；
预计下个迭代交付。"
622,Linus数据分析师,数据平台,39404.22,阻塞,2025-11-09,37,OK
623,Grace运维,人力资源,13460.03,进行中,2023-03-10,15,"客户反馈：希望增加导出功能；
预计下个迭代交付。"
624,吴婷实习生,财务部,36521.27,待审核,2023-06-01,20,常规任务，按计划推进。
625,周勇工程师,市场部,48754.97,已取消,2024-03-23,57,常规任务，按计划推进。
626,刘洋产品经理,市场部,5662.62,已完成,2024-07-10,64,"需要与跨部门协同，
优先级 P1。"
627,黄敏工程师,财务部,8610.04,已完成,2023-05-25,51,常规任务，按计划推进。
628,周勇实习生,市场部,13648.65,已取消,2024-01-04,99,"多行备注第一行
第二行补充说明
第三行是结论。"
629,赵磊实习生,市场部,38192.86,进行中,2023-08-24,99,常规任务，按计划推进。
630,周勇数据分析师,人力资源,22510.53,已取消,2024-03-21,94,常规任务，按计划推进。
631,Ada架构师,数据平台,10496.37,待审核,2025-05-07,47,常规任务，按计划推进。
632,Alan数据分析师,研发中心,15618.46,待审核,2024-01-06,36,OK
633,王芳经理,安全合规,15939.02,进行中,2025-12-16,89,OK
634,李娜测试,安全合规,9026.6,已完成,2024-02-22,80,"需要与跨部门协同，
优先级 P1。"
635,Margaret工程师,研发中心,20998.3,已完成,2025-09-26,14,"多行备注第一行
第二行补充说明
第三行是结论。"
636,黄敏数据分析师,财务部,49175.41,已取消,2024-12-07,3,"客户反馈：希望增加导出功能；
预计下个迭代交付。"
637,杨静设计师,财务部,45439.84,待审核,2025-08-18,38,OK
638,Ada实习生,市场部,30501.58,阻塞,2024-06-24,60,"需要与跨部门协同，
优先级 P1。"
639,Alan顾问,安全合规,29953.41,进行中,2025-03-15,38,"需要与跨部门协同，
优先级 P1。"
640,周勇测试,人力资源,5032.39,阻塞,2024-12-06,3,OK
641,Alan测试,安全合规,32908.88,已取消,2025-02-22,69,"客户反馈：希望增加导出功能；
预计下个迭代交付。"
642,刘洋架构师,客户成功,27389.71,阻塞,2023-10-10,42,"客户反馈：希望增加导出功能；
预计下个迭代交付。"
643,Linus测试,研发中心,9331.53,进行中,2023-03-06,5,"多行备注第一行
第二行补充说明
第三行是结论。"
644,王芳实习生,市场部,9443.91,阻塞,2025-07-22,63,OK
645,吴婷顾问,财务部,7208.85,已完成,2025-12-03,2,"多行备注第一行
第二行补充说明
第三行是结论。"
646,Linus实习生,安全合规,8598.06,进行中,2024-09-24,54,"需要与跨部门协同，
优先级 P1。"
647,Grace工程师,安全合规,32762.0,阻塞,2023-12-03,39,常规任务，按计划推进。
648,刘洋架构师,研发中心,9555.13,已完成,2025-07-07,25,OK
649,Linus数据分析师,数据平台,33139.63,已完成,2025-12-18,54,常规任务，按计划推进。
650,Grace顾问,财务部,35352.17,待审核,2023-03-26,24,OK
651,赵磊架构师,财务部,34588.93,阻塞,2025-08-12,41,OK
652,杨静测试,人力资源,39388.3,待审核,2025-06-20,31,OK
653,周勇数据分析师,人力资源,39456.87,已取消,2024-08-15,51,常规任务，按计划推进。
654,Ada工程师,财务部,31809.33,阻塞,2023-05-01,39,"多行备注第一行
第二行补充说明
第三行是结论。"
655,刘洋测试,研发中心,39718.54,已取消,2025-09-18,74,OK
656,李娜产品经理,研发中心,25716.64,已完成,2023-05-12,75,"多行备注第一行
第二行补充说明
第三行是结论。"
657,刘洋运维,安全合规,18513.61,阻塞,2024-10-07,94,常规任务，按计划推进。
658,Ada测试,安全合规,26713.99,待审核,2025-12-19,13,OK
659,Linus运维,研发中心,37885.52,阻塞,2024-02-25,8,"需要与跨部门协同，
优先级 P1。"
660,杨静经理,人力资源,46861.07,进行中,2023-12-21,78,常规任务，按计划推进。
661,Linus经理,研发中心,18715.25,进行中,2024-09-19,20,"需要与跨部门协同，
优先级 P1。"
662,周勇数据分析师,市场部,7273.39,待审核,2024-10-19,65,常规任务，按计划推进。
663,刘洋经理,财务部,40386.57,已完成,2023-06-03,61,OK
664,Ada工程师,数据平台,22963.61,进行中,2024-09-14,100,"多行备注第一行
第二行补充说明
第三行是结论。"
665,Grace设计师,人力资源,30168.33,待审核,2024-11-19,26,OK
666,吴婷架构师,市场部,15904.18,已取消,2024-06-22,74,常规任务，按计划推进。
667,王芳经理,人力资源,21437.04,已完成,2024-06-20,84,常规任务，按计划推进。
668,Grace运维,市场部,49444.34,阻塞,2024-10-05,57,常规任务，按计划推进。
669,Margaret数据分析师,市场部,35841.17,已完成,2025-02-04,95,常规任务，按计划推进。
670,刘洋顾问,市场部,44093.86,已取消,2023-06-23,15,"需要与跨部门协同，
优先级 P1。"
671,黄敏实习生,研发中心,19934.45,阻塞,2023-04-18,67,"需要与跨部门协同，
优先级 P1。"
672,周勇实习生,数据平台,37846.56,已完成,2025-12-22,3,"客户反馈：希望增加导出功能；
预计下个迭代交付。"
673,吴婷架构师,研发中心,16495.54,进行中,2024-04-26,90,OK
674,陈杰工程师,人力资源,34464.1,进行中,2023-07-22,35,"需要与跨部门协同，
优先级 P1。"
675,Alan产品经理,研发中心,18162.3,待审核,2023-07-17,91,常规任务，按计划推进。
676,Margaret测试,人力资源,44004.77,阻塞,2023-03-07,65,"客户反馈：希望增加导出功能；
预计下个迭代交付。"
677,周勇工程师,研发中心,16132.65,阻塞,2024-06-16,51,"多行备注第一行
第二行补充说明
第三行是结论。"
678,张伟测试,客户成功,20836.09,已取消,2023-09-09,8,"需要与跨部门协同，
优先级 P1。"
679,Margaret经理,安全合规,49566.27,阻塞,2024-04-05,44,"客户反馈：希望增加导出功能；
预计下个迭代交付。"
680,Linus设计师,研发中心,37845.03,阻塞,2025-10-28,81,"多行备注第一行
第二行补充说明
第三行是结论。"
681,赵磊数据分析师,数据平台,11873.71,已取消,2025-06-15,70,"多行备注第一行
第二行补充说明
第三行是结论。"
682,刘洋设计师,数据平台,29360.92,已完成,2023-05-23,91,OK
683,Margaret设计师,人力资源,49805.86,已完成,2025-10-06,41,常规任务，按计划推进。
684,周勇架构师,客户成功,10327.43,已取消,2023-12-01,98,"需要与跨部门协同，
优先级 P1。"
685,Margaret经理,人力资源,18650.66,已取消,2023-04-04,17,"多行备注第一行
第二行补充说明
第三行是结论。"
686,张伟顾问,数据平台,17008.82,阻塞,2025-04-20,30,"多行备注第一行
第二行补充说明
第三行是结论。"
687,Linus工程师,财务部,8576.39,待审核,2023-09-28,78,"客户反馈：希望增加导出功能；
预计下个迭代交付。"
688,Ada测试,市场部,43345.82,待审核,2024-03-06,25,"多行备注第一行
第二行补充说明
第三行是结论。"
689,张伟经理,安全合规,48596.68,已取消,2024-04-24,86,"多行备注第一行
第二行补充说明
第三行是结论。"
690,Grace数据分析师,研发中心,12968.52,待审核,2025-08-23,42,"客户反馈：希望增加导出功能；
预计下个迭代交付。"
691,Margaret数据分析师,人力资源,23219.0,进行中,2025-12-27,49,"需要与跨部门协同，
优先级 P1。"
692,赵磊顾问,客户成功,30737.05,阻塞,2025-11-23,5,OK
693,王芳实习生,人力资源,42215.45,进行中,2023-09-18,51,常规任务，按计划推进。
694,周勇经理,数据平台,39432.19,进行中,2023-05-15,51,"需要与跨部门协同，
优先级 P1。"
695,Grace运维,人力资源,12491.9,已取消,2025-01-23,67,"多行备注第一行
第二行补充说明
第三行是结论。"
696,黄敏实习生,研发中心,37519.11,进行中,2023-10-23,70,"多行备注第一行
第二行补充说明
第三行是结论。"
697,赵磊经理,财务部,25289.86,已完成,2024-10-23,26,"客户反馈：希望增加导出功能；
预计下个迭代交付。"
698,王芳运维,财务部,36127.28,已完成,2025-12-04,12,常规任务，按计划推进。
699,Ada实习生,客户成功,21332.45,阻塞,2025-07-24,66,OK
700,李娜经理,数据平台,22127.32,已完成,2024-10-28,85,"多行备注第一行
第二行补充说明
第三行是结论。"
701,李娜设计师,市场部,39612.06,进行中,2024-05-10,94,"客户反馈：希望增加导出功能；
预计下个迭代交付。"
702,陈杰设计师,研发中心,45434.39,已完成,2023-10-25,33,常规任务，按计划推进。
703,黄敏实习生,安全合规,27438.9,进行中,2025-08-08,28,OK
704,Linus实习生,人力资源,23456.81,进行中,2025-10-01,32,OK
705,陈杰顾问,客户成功,30089.69,已完成,2023-03-05,8,"需要与跨部门协同，
优先级 P1。"
706,张伟设计师,安全合规,6459.44,阻塞,2025-05-11,12,常规任务，按计划推进。
707,王芳经理,市场部,12260.09,已取消,2025-11-23,90,OK
708,吴婷架构师,市场部,48483.2,阻塞,2024-01-03,99,"需要与跨部门协同，
优先级 P1。"
709,杨静测试,人力资源,41911.91,待审核,2025-02-10,61,"多行备注第一行
第二行补充说明
第三行是结论。"
710,王芳运维,财务部,28717.37,阻塞,2023-12-07,79,常规任务，按计划推进。
711,王芳顾问,客户成功,49070.75,阻塞,2023-08-24,89,OK
712,Margaret运维,人力资源,32398.01,已取消,2024-09-19,80,"需要与跨部门协同，
优先级 P1。"
713,Margaret设计师,数据平台,30318.55,阻塞,2025-11-16,64,"多行备注第一行
第二行补充说明
第三行是结论。"
714,Margaret顾问,市场部,36886.42,已完成,2023-02-01,60,常规任务，按计划推进。
715,Ada数据分析师,安全合规,32688.86,待审核,2024-01-11,45,OK
716,Grace数据分析师,研发中心,33827.82,已取消,2024-02-10,39,OK
717,周勇测试,安全合规,5275.91,已取消,2024-07-24,73,OK
718,张伟设计师,市场部,19873.17,已取消,2025-08-16,5,"多行备注第一行
第二行补充说明
第三行是结论。"
719,黄敏设计师,客户成功,25727.81,阻塞,2024-08-26,53,常规任务，按计划推进。
720,Alan架构师,财务部,30422.42,已取消,2025-09-01,27,OK
721,Linus测试,安全合规,46228.39,已取消,2023-03-09,4,"需要与跨部门协同，
优先级 P1。"
722,赵磊架构师,安全合规,12468.63,阻塞,2024-03-20,15,"需要与跨部门协同，
优先级 P1。"
723,Ada测试,客户成功,6423.27,待审核,2023-08-08,48,"客户反馈：希望增加导出功能；
预计下个迭代交付。"
724,Alan运维,市场部,28629.52,已完成,2023-06-26,5,"多行备注第一行
第二行补充说明
第三行是结论。"
725,Margaret产品经理,人力资源,27769.76,待审核,2025-03-07,44,"客户反馈：希望增加导出功能；
预计下个迭代交付。"
726,Ada架构师,财务部,39898.99,已完成,2023-09-22,17,"多行备注第一行
第二行补充说明
第三行是结论。"
727,Ada工程师,人力资源,22441.47,阻塞,2023-01-10,6,OK
728,Alan产品经理,财务部,26009.42,进行中,2023-09-25,85,"需要与跨部门协同，
优先级 P1。"
729,张伟顾问,安全合规,19046.43,已完成,2024-04-07,37,"需要与跨部门协同，
优先级 P1。"
730,周勇测试,安全合规,24850.2,进行中,2024-03-06,36,常规任务，按计划推进。
731,张伟顾问,数据平台,28132.73,已完成,2025-06-18,41,"需要与跨部门协同，
优先级 P1。"
732,李娜运维,数据平台,16017.13,进行中,2024-10-11,70,"客户反馈：希望增加导出功能；
预计下个迭代交付。"
733,张伟设计师,研发中心,26183.1,进行中,2023-07-02,12,"客户反馈：希望增加导出功能；
预计下个迭代交付。"
734,赵磊设计师,客户成功,31825.46,阻塞,2025-12-23,58,OK
735,杨静运维,财务部,41784.89,阻塞,2023-08-19,17,常规任务，按计划推进。
736,Alan实习生,研发中心,25501.29,待审核,2024-04-08,19,OK
737,陈杰测试,人力资源,13250.89,已取消,2024-08-16,4,常规任务，按计划推进。
738,黄敏产品经理,财务部,26539.34,已完成,2024-06-20,74,"多行备注第一行
第二行补充说明
第三行是结论。"
739,周勇产品经理,人力资源,41789.88,进行中,2024-09-21,10,"需要与跨部门协同，
优先级 P1。"
740,周勇实习生,人力资源,31574.12,已完成,2025-04-18,21,"客户反馈：希望增加导出功能；
预计下个迭代交付。"
741,赵磊产品经理,财务部,14370.72,阻塞,2024-07-19,44,OK
742,Ada数据分析师,市场部,34817.55,进行中,2025-12-19,63,常规任务，按计划推进。
743,吴婷顾问,人力资源,19642.01,进行中,2024-03-10,52,常规任务，按计划推进。
744,吴婷产品经理,客户成功,41633.0,待审核,2024-08-21,85,常规任务，按计划推进。
745,王芳数据分析师,安全合规,11251.25,阻塞,2025-01-25,19,"多行备注第一行
第二行补充说明
第三行是结论。"
746,黄敏架构师,财务部,22549.22,阻塞,2024-04-07,88,"需要与跨部门协同，
优先级 P1。"
747,陈杰顾问,安全合规,46094.19,已取消,2024-12-12,12,OK
748,张伟顾问,数据平台,23188.88,已完成,2024-01-12,71,常规任务，按计划推进。
749,张伟架构师,安全合规,49041.33,进行中,2024-01-08,56,OK
750,赵磊测试,客户成功,22225.53,待审核,2024-09-07,85,"多行备注第一行
第二行补充说明
第三行是结论。"
751,黄敏设计师,市场部,29993.97,已取消,2024-03-10,86,"多行备注第一行
第二行补充说明
第三行是结论。"
752,李娜工程师,研发中心,34177.52,已完成,2025-08-22,56,"多行备注第一行
第二行补充说明
第三行是结论。"
753,王芳设计师,客户成功,41267.37,待审核,2025-10-14,80,"多行备注第一行
第二行补充说明
第三行是结论。"
754,黄敏架构师,人力资源,29842.25,待审核,2024-06-08,24,"客户反馈：希望增加导出功能；
预计下个迭代交付。"
755,吴婷工程师,数据平台,27417.06,已完成,2025-09-09,53,OK
756,吴婷测试,研发中心,49020.51,阻塞,2024-12-12,15,OK
757,黄敏产品经理,市场部,37858.35,阻塞,2024-08-17,11,OK
758,Margaret顾问,研发中心,16035.41,进行中,2025-11-18,75,"需要与跨部门协同，
优先级 P1。"
759,吴婷工程师,财务部,29076.5,进行中,2024-08-17,61,OK
760,Ada测试,人力资源,20881.15,已取消,2024-03-02,89,OK
761,Ada运维,客户成功,40325.97,已取消,2023-11-16,75,"多行备注第一行
第二行补充说明
第三行是结论。"
762,吴婷工程师,客户成功,49566.42,阻塞,2023-05-16,11,"多行备注第一行
第二行补充说明
第三行是结论。"
763,周勇产品经理,安全合规,40269.33,已取消,2023-10-09,36,"需要与跨部门协同，
优先级 P1。"
764,张伟产品经理,数据平台,12857.62,阻塞,2025-03-22,58,"需要与跨部门协同，
优先级 P1。"
765,Grace设计师,财务部,40213.75,已完成,2024-03-26,68,常规任务，按计划推进。
766,杨静产品经理,市场部,31799.48,已完成,2024-07-25,50,"多行备注第一行
第二行补充说明
第三行是结论。"
767,Linus实习生,客户成功,33690.86,已完成,2025-12-27,45,常规任务，按计划推进。
768,Linus运维,安全合规,41878.9,进行中,2023-08-13,61,"需要与跨部门协同，
优先级 P1。"
769,黄敏架构师,市场部,22091.04,待审核,2024-05-05,68,"客户反馈：希望增加导出功能；
预计下个迭代交付。"
770,张伟运维,安全合规,25196.93,已取消,2025-11-02,13,OK
771,Linus测试,安全合规,24430.36,已取消,2024-05-09,13,"需要与跨部门协同，
优先级 P1。"
772,Linus顾问,人力资源,25749.89,已完成,2025-11-19,99,"多行备注第一行
第二行补充说明
第三行是结论。"
773,周勇测试,客户成功,36062.52,已完成,2024-09-01,87,常规任务，按计划推进。
774,Alan产品经理,研发中心,23506.19,阻塞,2023-11-15,45,"多行备注第一行
第二行补充说明
第三行是结论。"
775,Ada运维,财务部,13688.58,进行中,2025-02-02,77,"多行备注第一行
第二行补充说明
第三行是结论。"
776,吴婷产品经理,客户成功,48100.79,进行中,2025-03-13,85,OK
777,Grace设计师,研发中心,36304.41,已取消,2024-08-22,10,"客户反馈：希望增加导出功能；
预计下个迭代交付。"
778,Margaret运维,安全合规,24214.25,已取消,2024-03-25,10,"需要与跨部门协同，
优先级 P1。"
779,Grace工程师,人力资源,22486.57,进行中,2024-05-06,57,常规任务，按计划推进。
780,黄敏数据分析师,数据平台,22668.55,待审核,2023-03-18,99,"客户反馈：希望增加导出功能；
预计下个迭代交付。"
781,刘洋顾问,客户成功,9781.24,待审核,2025-05-04,5,常规任务，按计划推进。
782,王芳顾问,客户成功,16276.84,待审核,2023-08-05,84,常规任务，按计划推进。
783,Margaret工程师,客户成功,22571.77,已完成,2025-06-13,74,常规任务，按计划推进。
784,周勇实习生,人力资源,24622.6,进行中,2025-04-01,50,"客户反馈：希望增加导出功能；
预计下个迭代交付。"
785,王芳顾问,数据平台,47076.9,已取消,2024-11-10,52,常规任务，按计划推进。
786,Linus产品经理,财务部,29058.18,已取消,2023-08-25,99,"需要与跨部门协同，
优先级 P1。"
787,Linus数据分析师,市场部,29951.4,待审核,2025-04-10,90,"客户反馈：希望增加导出功能；
预计下个迭代交付。"
788,Margaret产品经理,客户成功,35997.92,待审核,2023-11-15,95,"多行备注第一行
第二行补充说明
第三行是结论。"
789,李娜工程师,市场部,6141.41,阻塞,2023-08-13,9,OK
790,Linus运维,人力资源,29027.3,待审核,2023-01-11,8,"需要与跨部门协同，
优先级 P1。"
791,Grace工程师,人力资源,10318.42,阻塞,2024-11-28,69,"多行备注第一行
第二行补充说明
第三行是结论。"
792,Ada顾问,市场部,46616.71,进行中,2025-03-16,84,常规任务，按计划推进。
793,黄敏顾问,研发中心,15920.71,已完成,2023-03-21,7,"需要与跨部门协同，
优先级 P1。"
794,Alan产品经理,人力资源,32505.17,阻塞,2023-02-04,64,OK
795,Grace顾问,市场部,7839.96,已完成,2024-06-26,95,"客户反馈：希望增加导出功能；
预计下个迭代交付。"
796,杨静产品经理,客户成功,30918.52,已完成,2024-04-25,6,OK
797,李娜测试,研发中心,10433.55,已完成,2024-03-23,48,OK
798,李娜实习生,市场部,46655.4,进行中,2023-02-26,81,OK
799,赵磊设计师,研发中心,44583.21,进行中,2023-01-06,12,OK
800,Margaret运维,人力资源,36207.66,待审核,2025-03-07,19,"需要与跨部门协同，
优先级 P1。"
801,周勇实习生,人力资源,15766.42,已完成,2025-12-02,77,"多行备注第一行
第二行补充说明
第三行是结论。"
802,Ada实习生,数据平台,47763.41,已取消,2024-07-01,72,"多行备注第一行
第二行补充说明
第三行是结论。"
803,刘洋产品经理,数据平台,48955.62,阻塞,2024-09-17,29,"客户反馈：希望增加导出功能；
预计下个迭代交付。"
804,Grace数据分析师,财务部,7388.11,进行中,2023-11-28,61,"客户反馈：希望增加导出功能；
预计下个迭代交付。"
805,李娜设计师,客户成功,46520.29,进行中,2025-06-10,27,"客户反馈：希望增加导出功能；
预计下个迭代交付。"
806,陈杰测试,数据平台,41231.92,待审核,2023-02-24,7,OK
807,李娜设计师,安全合规,6307.94,阻塞,2023-02-08,93,"客户反馈：希望增加导出功能；
预计下个迭代交付。"
808,吴婷顾问,财务部,23857.98,已取消,2023-02-11,30,常规任务，按计划推进。
809,刘洋经理,安全合规,13998.01,已完成,2023-08-19,63,常规任务，按计划推进。
810,Margaret经理,市场部,14727.43,阻塞,2024-03-13,48,"多行备注第一行
第二行补充说明
第三行是结论。"
811,黄敏数据分析师,客户成功,21136.56,已取消,2023-06-05,5,OK
812,张伟运维,市场部,9999.92,待审核,2024-07-06,98,"需要与跨部门协同，
优先级 P1。"
813,刘洋运维,数据平台,12055.47,阻塞,2023-10-18,30,常规任务，按计划推进。
814,赵磊架构师,人力资源,43798.96,已完成,2025-08-27,60,"需要与跨部门协同，
优先级 P1。"
815,张伟经理,客户成功,44266.93,已完成,2024-07-19,29,OK
816,李娜顾问,研发中心,23799.73,进行中,2023-08-24,99,OK
817,张伟经理,数据平台,22744.41,进行中,2024-08-08,11,OK
818,Grace工程师,客户成功,37930.38,已完成,2023-06-10,31,常规任务，按计划推进。
819,张伟实习生,客户成功,18717.65,待审核,2025-12-19,4,"客户反馈：希望增加导出功能；
预计下个迭代交付。"
820,黄敏设计师,安全合规,36641.07,已完成,2024-11-15,91,常规任务，按计划推进。
821,Alan产品经理,人力资源,45204.55,已取消,2025-01-10,55,"需要与跨部门协同，
优先级 P1。"
822,Ada顾问,数据平台,30885.32,已完成,2025-02-20,43,常规任务，按计划推进。
823,周勇测试,研发中心,9993.49,已取消,2024-10-02,47,"需要与跨部门协同，
优先级 P1。"
824,李娜架构师,客户成功,8015.27,已完成,2023-06-08,70,常规任务，按计划推进。
825,Linus实习生,客户成功,47261.66,阻塞,2025-04-25,96,"多行备注第一行
第二行补充说明
第三行是结论。"
826,杨静测试,财务部,27660.47,待审核,2024-01-03,48,"需要与跨部门协同，
优先级 P1。"
827,黄敏实习生,数据平台,28700.72,进行中,2024-12-18,87,OK
828,Margaret运维,人力资源,32942.81,进行中,2023-08-03,11,"客户反馈：希望增加导出功能；
预计下个迭代交付。"
829,Margaret设计师,财务部,48121.54,进行中,2023-03-09,15,"多行备注第一行
第二行补充说明
第三行是结论。"
830,黄敏设计师,安全合规,14191.53,进行中,2024-07-22,70,"多行备注第一行
第二行补充说明
第三行是结论。"
831,黄敏测试,人力资源,24973.7,进行中,2024-04-03,3,"多行备注第一行
第二行补充说明
第三行是结论。"
832,Alan架构师,客户成功,20114.48,阻塞,2024-11-21,42,"客户反馈：希望增加导出功能；
预计下个迭代交付。"
833,吴婷架构师,安全合规,29681.09,待审核,2024-10-05,40,"多行备注第一行
第二行补充说明
第三行是结论。"
834,Grace运维,市场部,26790.94,已取消,2023-03-12,37,"客户反馈：希望增加导出功能；
预计下个迭代交付。"
835,李娜顾问,市场部,37031.55,已取消,2023-03-27,91,"多行备注第一行
第二行补充说明
第三行是结论。"
836,李娜数据分析师,研发中心,6851.82,已取消,2025-03-15,34,"需要与跨部门协同，
优先级 P1。"
837,李娜数据分析师,数据平台,36821.05,已取消,2024-03-12,58,OK
838,李娜架构师,财务部,10467.05,进行中,2024-08-25,19,"客户反馈：希望增加导出功能；
预计下个迭代交付。"
839,Margaret测试,市场部,5193.24,阻塞,2025-06-21,91,"需要与跨部门协同，
优先级 P1。"
840,黄敏运维,安全合规,49131.04,阻塞,2025-03-26,73,"客户反馈：希望增加导出功能；
预计下个迭代交付。"
841,杨静产品经理,客户成功,26554.16,进行中,2023-11-18,15,"需要与跨部门协同，
优先级 P1。"
842,张伟经理,数据平台,42839.46,待审核,2024-02-11,8,OK
843,Linus数据分析师,数据平台,28689.52,已取消,2023-01-03,69,"客户反馈：希望增加导出功能；
预计下个迭代交付。"
844,Linus产品经理,数据平台,22749.06,待审核,2024-10-20,66,常规任务，按计划推进。
845,Margaret测试,人力资源,11657.57,待审核,2024-07-12,2,"需要与跨部门协同，
优先级 P1。"
846,杨静测试,财务部,48988.56,阻塞,2023-04-24,57,"客户反馈：希望增加导出功能；
预计下个迭代交付。"
847,Grace实习生,财务部,12370.57,待审核,2025-07-05,76,OK
848,王芳设计师,市场部,18645.4,阻塞,2024-02-19,97,"客户反馈：希望增加导出功能；
预计下个迭代交付。"
849,王芳工程师,人力资源,33746.27,已取消,2024-03-18,60,OK
850,Grace设计师,市场部,13370.29,待审核,2024-09-16,6,"需要与跨部门协同，
优先级 P1。"
851,Alan顾问,财务部,27234.52,待审核,2023-01-26,1,"多行备注第一行
第二行补充说明
第三行是结论。"
852,陈杰运维,客户成功,42540.94,待审核,2023-11-22,37,"客户反馈：希望增加导出功能；
预计下个迭代交付。"
853,李娜实习生,客户成功,34015.36,进行中,2023-05-16,9,OK
854,Ada测试,数据平台,26621.87,待审核,2024-11-22,61,常规任务，按计划推进。
855,杨静架构师,客户成功,30886.87,已取消,2023-10-02,19,"需要与跨部门协同，
优先级 P1。"
856,黄敏设计师,财务部,12348.9,已取消,2024-07-21,46,常规任务，按计划推进。
857,陈杰运维,数据平台,33752.59,进行中,2025-04-25,81,"多行备注第一行
第二行补充说明
第三行是结论。"
858,Grace产品经理,数据平台,38868.28,阻塞,2024-06-27,88,"需要与跨部门协同，
优先级 P1。"
859,陈杰测试,研发中心,29048.91,已取消,2023-01-05,67,"需要与跨部门协同，
优先级 P1。"
860,杨静实习生,人力资源,20314.09,已完成,2023-04-05,65,"多行备注第一行
第二行补充说明
第三行是结论。"
861,Alan数据分析师,安全合规,45367.55,阻塞,2025-09-28,69,OK
862,Ada产品经理,人力资源,25722.11,进行中,2023-03-01,62,"需要与跨部门协同，
优先级 P1。"
863,陈杰测试,市场部,41766.74,阻塞,2025-06-06,91,"需要与跨部门协同，
优先级 P1。"
864,张伟产品经理,市场部,10792.15,已完成,2025-04-10,17,"多行备注第一行
第二行补充说明
第三行是结论。"
865,李娜产品经理,人力资源,36086.82,进行中,2023-01-25,62,"客户反馈：希望增加导出功能；
预计下个迭代交付。"
866,张伟数据分析师,研发中心,6475.67,阻塞,2025-01-16,16,"需要与跨部门协同，
优先级 P1。"
867,张伟产品经理,财务部,35041.39,进行中,2023-10-07,76,"多行备注第一行
第二行补充说明
第三行是结论。"
868,李娜测试,研发中心,9085.07,已取消,2025-06-12,21,OK
869,Grace顾问,市场部,27720.92,进行中,2023-10-25,2,OK
870,刘洋数据分析师,财务部,12729.81,阻塞,2023-12-04,28,OK
871,Alan实习生,财务部,36415.98,已完成,2024-11-04,24,"需要与跨部门协同，
优先级 P1。"
872,赵磊经理,市场部,28141.3,待审核,2023-06-04,60,常规任务，按计划推进。
873,周勇设计师,人力资源,39302.32,已取消,2025-12-02,11,"需要与跨部门协同，
优先级 P1。"
874,黄敏产品经理,人力资源,17762.51,阻塞,2025-05-22,57,"多行备注第一行
第二行补充说明
第三行是结论。"
875,周勇经理,财务部,49323.3,待审核,2023-02-27,61,"需要与跨部门协同，
优先级 P1。"
876,李娜工程师,客户成功,27124.18,进行中,2024-08-17,85,常规任务，按计划推进。
877,王芳设计师,人力资源,23028.09,阻塞,2023-12-06,9,"需要与跨部门协同，
优先级 P1。"
878,刘洋测试,市场部,31773.24,待审核,2023-04-27,55,"客户反馈：希望增加导出功能；
预计下个迭代交付。"
879,陈杰顾问,数据平台,17283.78,待审核,2024-08-22,78,"客户反馈：希望增加导出功能；
预计下个迭代交付。"
880,黄敏架构师,财务部,11631.83,待审核,2023-02-09,63,"客户反馈：希望增加导出功能；
预计下个迭代交付。"
881,刘洋设计师,研发中心,9482.15,进行中,2023-08-22,4,"多行备注第一行
第二行补充说明
第三行是结论。"
882,赵磊顾问,客户成功,19713.01,已取消,2025-10-04,98,常规任务，按计划推进。
883,Linus架构师,安全合规,27148.44,待审核,2023-05-22,64,"客户反馈：希望增加导出功能；
预计下个迭代交付。"
884,周勇运维,数据平台,20462.7,阻塞,2025-01-25,5,"客户反馈：希望增加导出功能；
预计下个迭代交付。"
885,Margaret产品经理,人力资源,25255.2,待审核,2024-08-02,5,"多行备注第一行
第二行补充说明
第三行是结论。"
886,周勇运维,客户成功,12386.49,待审核,2023-05-23,50,"客户反馈：希望增加导出功能；
预计下个迭代交付。"
887,Grace产品经理,数据平台,35376.11,阻塞,2025-09-19,61,"客户反馈：希望增加导出功能；
预计下个迭代交付。"
888,周勇设计师,数据平台,7508.17,已取消,2024-10-13,79,"需要与跨部门协同，
优先级 P1。"
889,Grace运维,财务部,7764.08,阻塞,2023-03-27,47,"需要与跨部门协同，
优先级 P1。"
890,Grace顾问,研发中心,39433.73,已取消,2024-02-14,45,"需要与跨部门协同，
优先级 P1。"
891,赵磊测试,研发中心,34755.8,已完成,2023-11-10,76,常规任务，按计划推进。
892,Margaret产品经理,安全合规,18721.06,已取消,2023-01-18,42,常规任务，按计划推进。
893,黄敏经理,数据平台,28164.19,待审核,2024-01-23,61,OK
894,张伟测试,人力资源,30665.91,已取消,2025-02-26,63,常规任务，按计划推进。
895,Ada数据分析师,财务部,27352.91,已取消,2023-10-10,47,"客户反馈：希望增加导出功能；
预计下个迭代交付。"
896,刘洋实习生,客户成功,43130.03,进行中,2025-04-10,34,常规任务，按计划推进。
897,陈杰顾问,人力资源,41207.14,阻塞,2025-02-23,75,常规任务，按计划推进。
898,吴婷测试,财务部,8027.14,阻塞,2024-07-07,45,常规任务，按计划推进。
899,Linus运维,数据平台,41185.7,待审核,2025-09-11,26,"客户反馈：希望增加导出功能；
预计下个迭代交付。"
900,赵磊运维,数据平台,28191.62,阻塞,2023-01-21,91,OK
901,Alan设计师,数据平台,27464.16,待审核,2024-11-18,79,"客户反馈：希望增加导出功能；
预计下个迭代交付。"
902,Margaret顾问,客户成功,33204.13,阻塞,2023-06-15,19,"多行备注第一行
第二行补充说明
第三行是结论。"
903,李娜运维,安全合规,24592.5,已取消,2023-11-07,53,"需要与跨部门协同，
优先级 P1。"
904,Alan运维,客户成功,12226.29,阻塞,2023-07-08,15,"多行备注第一行
第二行补充说明
第三行是结论。"
905,刘洋工程师,市场部,40867.01,已取消,2024-08-18,56,"客户反馈：希望增加导出功能；
预计下个迭代交付。"
906,Linus工程师,市场部,12171.13,已完成,2023-05-26,36,OK
907,李娜工程师,客户成功,26862.89,进行中,2023-02-11,78,"需要与跨部门协同，
优先级 P1。"
908,Alan产品经理,人力资源,45354.8,进行中,2024-12-27,18,"多行备注第一行
第二行补充说明
第三行是结论。"
909,王芳顾问,客户成功,27511.18,进行中,2025-11-27,75,OK
910,陈杰实习生,研发中心,15713.46,进行中,2024-06-27,75,"客户反馈：希望增加导出功能；
预计下个迭代交付。"
911,Grace数据分析师,人力资源,14810.38,进行中,2023-04-09,57,"客户反馈：希望增加导出功能；
预计下个迭代交付。"
912,陈杰顾问,研发中心,27066.14,已取消,2025-02-11,70,"客户反馈：希望增加导出功能；
预计下个迭代交付。"
913,黄敏数据分析师,财务部,44574.51,已完成,2024-08-23,48,"需要与跨部门协同，
优先级 P1。"
914,张伟顾问,研发中心,42866.28,进行中,2025-11-08,33,OK
915,赵磊运维,客户成功,48131.76,已取消,2025-02-18,31,"客户反馈：希望增加导出功能；
预计下个迭代交付。"
916,赵磊工程师,人力资源,46737.83,已取消,2024-02-27,97,"多行备注第一行
第二行补充说明
第三行是结论。"
917,陈杰数据分析师,安全合规,45061.1,待审核,2025-06-26,99,"客户反馈：希望增加导出功能；
预计下个迭代交付。"
918,Grace工程师,财务部,43990.01,待审核,2024-12-14,43,"客户反馈：希望增加导出功能；
预计下个迭代交付。"
919,Margaret产品经理,安全合规,12215.45,已取消,2025-02-12,54,OK
920,Ada架构师,客户成功,19704.58,进行中,2023-11-21,24,"客户反馈：希望增加导出功能；
预计下个迭代交付。"
921,Grace设计师,研发中心,23029.78,已取消,2024-10-03,15,"多行备注第一行
第二行补充说明
第三行是结论。"
922,刘洋架构师,客户成功,48634.91,已完成,2025-11-14,41,"客户反馈：希望增加导出功能；
预计下个迭代交付。"
923,黄敏设计师,财务部,12806.56,阻塞,2024-05-07,11,"客户反馈：希望增加导出功能；
预计下个迭代交付。"
924,杨静设计师,人力资源,44437.55,阻塞,2023-01-01,72,OK
925,Linus数据分析师,研发中心,48835.74,已完成,2024-12-28,22,常规任务，按计划推进。
926,赵磊顾问,人力资源,32017.67,已完成,2023-06-06,73,常规任务，按计划推进。
927,张伟架构师,人力资源,39801.17,待审核,2025-08-04,29,"多行备注第一行
第二行补充说明
第三行是结论。"
928,刘洋运维,财务部,38589.94,待审核,2023-07-28,27,OK
929,刘洋运维,客户成功,35473.49,待审核,2023-07-26,19,常规任务，按计划推进。
930,陈杰运维,市场部,32795.61,已完成,2024-10-22,83,"客户反馈：希望增加导出功能；
预计下个迭代交付。"
931,王芳工程师,人力资源,10994.22,已取消,2025-07-22,28,"客户反馈：希望增加导出功能；
预计下个迭代交付。"
932,Ada经理,客户成功,31873.82,进行中,2023-09-02,7,"需要与跨部门协同，
优先级 P1。"
933,Margaret数据分析师,人力资源,45870.19,阻塞,2025-10-23,96,常规任务，按计划推进。
934,张伟运维,数据平台,32884.6,已取消,2024-11-12,17,OK
935,张伟顾问,市场部,16713.12,阻塞,2024-06-15,17,常规任务，按计划推进。
936,杨静架构师,人力资源,11380.81,进行中,2024-01-05,64,"需要与跨部门协同，
优先级 P1。"
937,Ada测试,人力资源,17731.65,已取消,2025-05-17,41,"客户反馈：希望增加导出功能；
预计下个迭代交付。"
938,Margaret设计师,财务部,38159.12,待审核,2023-09-28,85,"客户反馈：希望增加导出功能；
预计下个迭代交付。"
939,张伟数据分析师,市场部,7455.52,已完成,2023-08-09,21,"客户反馈：希望增加导出功能；
预计下个迭代交付。"
940,赵磊产品经理,人力资源,6835.63,已取消,2025-09-16,59,"客户反馈：希望增加导出功能；
预计下个迭代交付。"
941,王芳设计师,研发中心,20732.19,已完成,2024-03-27,22,OK
942,Alan运维,数据平台,45090.25,阻塞,2023-10-01,68,OK
943,李娜经理,研发中心,16077.08,待审核,2025-02-11,4,"需要与跨部门协同，
优先级 P1。"
944,Linus产品经理,人力资源,21810.12,进行中,2024-03-01,11,"客户反馈：希望增加导出功能；
预计下个迭代交付。"
945,Alan实习生,人力资源,33276.05,已取消,2025-11-01,43,常规任务，按计划推进。
946,Linus顾问,人力资源,19621.2,阻塞,2023-04-28,7,"需要与跨部门协同，
优先级 P1。"
947,杨静工程师,客户成功,8182.58,阻塞,2024-02-13,33,"多行备注第一行
第二行补充说明
第三行是结论。"
948,刘洋经理,研发中心,5923.04,已完成,2023-07-25,52,"需要与跨部门协同，
优先级 P1。"
949,Linus设计师,研发中心,18434.6,待审核,2025-05-22,78,"多行备注第一行
第二行补充说明
第三行是结论。"
950,杨静产品经理,安全合规,21535.56,已完成,2024-08-13,61,"需要与跨部门协同，
优先级 P1。"
951,吴婷顾问,人力资源,9060.01,待审核,2024-10-06,56,"客户反馈：希望增加导出功能；
预计下个迭代交付。"
952,王芳工程师,数据平台,20378.52,待审核,2025-04-21,88,"多行备注第一行
第二行补充说明
第三行是结论。"
953,Margaret实习生,数据平台,33330.18,阻塞,2023-05-15,56,常规任务，按计划推进。
954,Margaret实习生,财务部,11687.29,已完成,2025-05-27,32,OK
955,赵磊运维,数据平台,7147.77,进行中,2023-09-04,66,"客户反馈：希望增加导出功能；
预计下个迭代交付。"
956,赵磊产品经理,人力资源,34738.49,阻塞,2024-06-09,75,常规任务，按计划推进。
957,Grace架构师,研发中心,10127.1,待审核,2023-03-27,51,常规任务，按计划推进。
958,王芳经理,客户成功,18394.14,阻塞,2025-08-25,86,"客户反馈：希望增加导出功能；
预计下个迭代交付。"
959,吴婷运维,财务部,48502.38,已完成,2023-03-03,96,OK
960,陈杰产品经理,人力资源,29046.92,进行中,2024-02-01,22,"客户反馈：希望增加导出功能；
预计下个迭代交付。"
961,黄敏经理,安全合规,34597.27,阻塞,2025-08-10,80,OK
962,杨静经理,安全合规,18619.55,已完成,2023-01-07,15,常规任务，按计划推进。
963,Ada数据分析师,安全合规,6206.69,待审核,2025-03-21,31,"客户反馈：希望增加导出功能；
预计下个迭代交付。"
964,Alan架构师,市场部,8874.21,待审核,2023-08-14,3,常规任务，按计划推进。
965,李娜设计师,客户成功,36616.91,待审核,2024-01-28,58,OK
966,刘洋数据分析师,财务部,30624.37,待审核,2023-06-01,14,"客户反馈：希望增加导出功能；
预计下个迭代交付。"
967,赵磊实习生,客户成功,31039.76,阻塞,2024-01-16,52,"客户反馈：希望增加导出功能；
预计下个迭代交付。"
968,周勇顾问,客户成功,32517.29,待审核,2023-12-02,68,常规任务，按计划推进。
969,赵磊顾问,财务部,29896.51,已取消,2025-07-16,15,"客户反馈：希望增加导出功能；
预计下个迭代交付。"
970,吴婷测试,人力资源,36388.15,进行中,2023-05-24,25,"客户反馈：希望增加导出功能；
预计下个迭代交付。"
971,杨静实习生,市场部,27843.62,阻塞,2025-06-20,92,"客户反馈：希望增加导出功能；
预计下个迭代交付。"
972,李娜运维,客户成功,37012.33,待审核,2025-11-24,47,"客户反馈：希望增加导出功能；
预计下个迭代交付。"
973,Grace设计师,数据平台,14324.39,进行中,2025-08-05,23,"多行备注第一行
第二行补充说明
第三行是结论。"
974,李娜顾问,人力资源,9540.67,待审核,2024-05-08,27,OK
975,张伟工程师,财务部,44640.77,已取消,2025-03-06,65,常规任务，按计划推进。
976,Grace产品经理,财务部,24377.92,阻塞,2023-02-18,29,"客户反馈：希望增加导出功能；
预计下个迭代交付。"
977,陈杰测试,安全合规,20985.84,进行中,2025-05-05,89,OK
978,吴婷产品经理,客户成功,7268.99,待审核,2024-02-04,79,OK
979,Grace产品经理,安全合规,30311.28,阻塞,2023-03-21,16,"多行备注第一行
第二行补充说明
第三行是结论。"
980,Margaret测试,市场部,37775.72,待审核,2025-08-24,13,"多行备注第一行
第二行补充说明
第三行是结论。"
981,Linus测试,财务部,41862.24,进行中,2023-08-14,99,常规任务，按计划推进。
982,刘洋实习生,财务部,17904.12,已完成,2023-05-12,92,"客户反馈：希望增加导出功能；
预计下个迭代交付。"
983,杨静数据分析师,市场部,38894.28,阻塞,2024-04-05,55,"客户反馈：希望增加导出功能；
预计下个迭代交付。"
984,Margaret经理,人力资源,47832.82,阻塞,2025-06-01,57,"多行备注第一行
第二行补充说明
第三行是结论。"
985,Grace工程师,客户成功,41281.11,进行中,2023-06-11,52,"多行备注第一行
第二行补充说明
第三行是结论。"
986,赵磊工程师,人力资源,39163.66,已完成,2025-01-21,92,OK
987,陈杰经理,人力资源,44860.23,阻塞,2024-12-24,41,"需要与跨部门协同，
优先级 P1。"
988,张伟运维,数据平台,32468.05,已完成,2025-07-15,83,"多行备注第一行
第二行补充说明
第三行是结论。"
989,Margaret架构师,数据平台,40475.37,待审核,2025-06-26,84,"客户反馈：希望增加导出功能；
预计下个迭代交付。"
990,Grace数据分析师,财务部,8792.64,阻塞,2024-07-24,93,"多行备注第一行
第二行补充说明
第三行是结论。"
991,周勇架构师,财务部,14618.05,阻塞,2025-05-17,44,"多行备注第一行
第二行补充说明
第三行是结论。"
992,张伟工程师,安全合规,29296.97,已取消,2023-05-24,55,OK
993,王芳工程师,安全合规,21784.05,阻塞,2024-02-02,97,常规任务，按计划推进。
994,黄敏运维,数据平台,38158.64,待审核,2024-04-26,96,OK
995,吴婷架构师,安全合规,31799.7,已取消,2024-05-22,92,OK
996,Linus设计师,客户成功,21994.96,已完成,2023-06-17,75,"多行备注第一行
第二行补充说明
第三行是结论。"
997,Alan测试,人力资源,9409.45,待审核,2024-02-03,8,"客户反馈：希望增加导出功能；
预计下个迭代交付。"
998,Margaret设计师,人力资源,14665.3,进行中,2024-11-17,52,OK
999,周勇架构师,安全合规,22765.21,已取消,2025-08-21,55,"客户反馈：希望增加导出功能；
预计下个迭代交付。"
1000,Ada实习生,客户成功,48797.26,已完成,2023-09-05,63,"客户反馈：希望增加导出功能；
预计下个迭代交付。"
1001,李娜架构师,安全合规,28811.35,已完成,2024-08-02,96,"多行备注第一行
第二行补充说明
第三行是结论。"
1002,周勇测试,研发中心,32072.01,待审核,2023-02-12,74,"需要与跨部门协同，
优先级 P1。"
1003,张伟架构师,市场部,10298.4,已取消,2024-05-10,63,常规任务，按计划推进。
1004,Grace设计师,市场部,40270.66,待审核,2023-05-10,28,"多行备注第一行
第二行补充说明
第三行是结论。"
1005,Alan实习生,研发中心,10504.76,已取消,2023-01-14,62,OK
1006,陈杰顾问,人力资源,45512.93,待审核,2024-12-27,78,"多行备注第一行
第二行补充说明
第三行是结论。"
1007,Grace设计师,数据平台,33640.71,待审核,2025-08-05,94,"需要与跨部门协同，
优先级 P1。"
1008,王芳顾问,客户成功,33061.53,待审核,2023-07-11,70,常规任务，按计划推进。
1009,Linus实习生,客户成功,17481.88,进行中,2023-12-01,74,"需要与跨部门协同，
优先级 P1。"
1010,周勇产品经理,客户成功,30170.88,已完成,2025-09-19,97,常规任务，按计划推进。
1011,吴婷架构师,市场部,38775.14,阻塞,2023-02-22,69,"多行备注第一行
第二行补充说明
第三行是结论。"
1012,张伟运维,安全合规,14261.22,阻塞,2024-02-26,69,OK
1013,杨静经理,数据平台,7024.26,进行中,2024-07-06,54,常规任务，按计划推进。
1014,Alan架构师,财务部,22190.49,进行中,2023-02-18,22,"需要与跨部门协同，
优先级 P1。"
1015,李娜设计师,财务部,39573.71,已完成,2024-07-22,22,常规任务，按计划推进。
1016,吴婷测试,市场部,6222.7,进行中,2024-07-04,41,"多行备注第一行
第二行补充说明
第三行是结论。"
1017,赵磊测试,财务部,21898.09,进行中,2023-04-08,97,OK
1018,吴婷数据分析师,人力资源,27887.96,阻塞,2024-02-09,8,"需要与跨部门协同，
优先级 P1。"
1019,黄敏架构师,人力资源,7945.62,进行中,2024-11-08,3,"需要与跨部门协同，
优先级 P1。"
1020,周勇顾问,客户成功,9567.92,阻塞,2025-03-10,73,"客户反馈：希望增加导出功能；
预计下个迭代交付。"
1021,黄敏产品经理,安全合规,33610.95,已完成,2023-06-18,22,"多行备注第一行
第二行补充说明
第三行是结论。"
1022,周勇经理,数据平台,25328.39,进行中,2024-10-10,84,"多行备注第一行
第二行补充说明
第三行是结论。"
1023,张伟工程师,人力资源,17298.63,已取消,2025-07-12,81,"多行备注第一行
第二行补充说明
第三行是结论。"
1024,吴婷架构师,财务部,7046.81,阻塞,2025-02-10,12,"客户反馈：希望增加导出功能；
预计下个迭代交付。"
1025,Ada产品经理,安全合规,11284.26,阻塞,2024-07-07,79,OK
1026,Grace测试,客户成功,47543.38,已取消,2025-08-09,32,"需要与跨部门协同，
优先级 P1。"
1027,杨静数据分析师,人力资源,48154.67,已取消,2023-12-05,83,常规任务，按计划推进。
1028,吴婷实习生,研发中心,45565.02,已完成,2024-09-23,91,"客户反馈：希望增加导出功能；
预计下个迭代交付。"
1029,Grace经理,数据平台,8651.7,进行中,2025-01-27,86,"客户反馈：希望增加导出功能；
预计下个迭代交付。"
1030,Linus产品经理,财务部,48741.76,待审核,2025-06-13,23,常规任务，按计划推进。
1031,王芳实习生,财务部,47131.15,待审核,2023-04-24,3,"需要与跨部门协同，
优先级 P1。"
1032,Linus测试,市场部,9048.49,阻塞,2025-05-26,92,"多行备注第一行
第二行补充说明
第三行是结论。"
1033,刘洋实习生,财务部,6655.82,待审核,2025-12-20,27,常规任务，按计划推进。
1034,刘洋经理,研发中心,44146.23,阻塞,2025-08-06,71,"多行备注第一行
第二行补充说明
第三行是结论。"
1035,Linus顾问,客户成功,35707.26,阻塞,2023-02-19,17,常规任务，按计划推进。
1036,李娜运维,数据平台,43496.55,阻塞,2025-05-07,87,常规任务，按计划推进。
1037,Ada架构师,数据平台,16381.45,阻塞,2024-01-14,83,常规任务，按计划推进。
1038,Alan测试,人力资源,42995.37,待审核,2024-02-22,67,"客户反馈：希望增加导出功能；
预计下个迭代交付。"
1039,黄敏测试,数据平台,39155.98,已完成,2023-05-14,69,"客户反馈：希望增加导出功能；
预计下个迭代交付。"
1040,杨静工程师,人力资源,13757.37,进行中,2025-01-24,29,"客户反馈：希望增加导出功能；
预计下个迭代交付。"
1041,王芳数据分析师,市场部,12401.67,已取消,2023-11-21,13,常规任务，按计划推进。
1042,黄敏经理,安全合规,6081.06,已取消,2024-04-04,61,"多行备注第一行
第二行补充说明
第三行是结论。"
1043,杨静工程师,安全合规,20011.48,已完成,2023-10-20,57,常规任务，按计划推进。
1044,Linus实习生,数据平台,10617.19,进行中,2023-07-11,89,常规任务，按计划推进。
1045,Grace设计师,研发中心,46360.21,待审核,2023-05-20,81,"客户反馈：希望增加导出功能；
预计下个迭代交付。"
1046,王芳产品经理,客户成功,7510.55,进行中,2024-07-13,13,OK
1047,Grace经理,市场部,43906.22,阻塞,2023-08-13,60,"客户反馈：希望增加导出功能；
预计下个迭代交付。"
1048,Margaret顾问,数据平台,9557.51,进行中,2024-09-11,76,"多行备注第一行
第二行补充说明
第三行是结论。"
1049,王芳产品经理,研发中心,31782.88,进行中,2025-04-19,17,OK
1050,陈杰测试,人力资源,26662.97,阻塞,2024-03-08,18,常规任务，按计划推进。
1051,张伟设计师,财务部,31303.5,阻塞,2025-06-10,75,OK
1052,Grace设计师,市场部,26128.57,阻塞,2024-05-12,2,OK
1053,吴婷设计师,研发中心,15682.43,阻塞,2023-07-12,26,"多行备注第一行
第二行补充说明
第三行是结论。"
1054,Linus数据分析师,安全合规,8078.17,已完成,2025-08-23,89,"客户反馈：希望增加导出功能；
预计下个迭代交付。"
1055,吴婷测试,安全合规,31028.48,已取消,2025-05-14,43,"多行备注第一行
第二行补充说明
第三行是结论。"
1056,王芳实习生,安全合规,45974.44,待审核,2023-01-21,29,"多行备注第一行
第二行补充说明
第三行是结论。"
1057,黄敏顾问,市场部,15755.86,已取消,2025-07-07,52,"多行备注第一行
第二行补充说明
第三行是结论。"
1058,Alan工程师,财务部,5445.14,已取消,2023-09-04,19,"需要与跨部门协同，
优先级 P1。"
1059,黄敏数据分析师,客户成功,31355.89,已取消,2023-01-07,26,"需要与跨部门协同，
优先级 P1。"
1060,李娜数据分析师,财务部,37347.65,已取消,2025-04-06,26,常规任务，按计划推进。
1061,李娜运维,研发中心,5944.72,已完成,2024-11-26,15,"需要与跨部门协同，
优先级 P1。"
1062,Margaret数据分析师,财务部,25529.17,已取消,2024-11-06,68,OK
1063,Margaret经理,客户成功,7941.99,已完成,2023-04-07,69,"客户反馈：希望增加导出功能；
预计下个迭代交付。"
1064,Ada测试,财务部,31979.71,已完成,2023-10-19,25,OK
1065,陈杰设计师,财务部,16122.72,已取消,2023-09-19,63,"多行备注第一行
第二行补充说明
第三行是结论。"
1066,Ada产品经理,安全合规,26180.03,阻塞,2023-03-17,50,OK
1067,杨静实习生,数据平台,25892.03,已取消,2025-06-17,89,"客户反馈：希望增加导出功能；
预计下个迭代交付。"
1068,Ada实习生,人力资源,17075.1,待审核,2025-10-21,5,"多行备注第一行
第二行补充说明
第三行是结论。"
1069,刘洋数据分析师,人力资源,43842.57,待审核,2023-05-14,49,OK
1070,李娜测试,财务部,29774.84,已完成,2023-05-15,67,"需要与跨部门协同，
优先级 P1。"
1071,刘洋顾问,研发中心,25936.39,阻塞,2024-07-15,60,"客户反馈：希望增加导出功能；
预计下个迭代交付。"
1072,赵磊测试,安全合规,27389.44,已取消,2024-01-06,57,"多行备注第一行
第二行补充说明
第三行是结论。"
1073,陈杰产品经理,财务部,45566.41,已取消,2025-09-18,83,常规任务，按计划推进。
1074,Grace运维,市场部,9428.41,进行中,2024-01-18,26,"需要与跨部门协同，
优先级 P1。"
1075,刘洋测试,财务部,18622.2,已取消,2023-12-20,18,OK
1076,Margaret运维,研发中心,39653.42,已取消,2024-07-13,75,常规任务，按计划推进。
1077,黄敏架构师,安全合规,47817.0,待审核,2023-04-24,96,"多行备注第一行
第二行补充说明
第三行是结论。"
1078,黄敏数据分析师,数据平台,31415.16,阻塞,2024-12-27,60,"需要与跨部门协同，
优先级 P1。"
1079,Grace产品经理,财务部,43061.08,待审核,2025-07-07,57,"客户反馈：希望增加导出功能；
预计下个迭代交付。"
1080,Alan架构师,研发中心,21861.51,阻塞,2023-05-24,2,"客户反馈：希望增加导出功能；
预计下个迭代交付。"
1081,Grace测试,财务部,15147.08,待审核,2025-07-25,100,OK
1082,陈杰测试,数据平台,6045.79,进行中,2023-03-11,73,OK
1083,Margaret顾问,数据平台,44012.51,待审核,2023-07-03,69,"客户反馈：希望增加导出功能；
预计下个迭代交付。"
1084,刘洋实习生,研发中心,19797.86,待审核,2025-05-03,22,常规任务，按计划推进。
1085,Linus架构师,市场部,6442.66,阻塞,2024-01-06,26,常规任务，按计划推进。
1086,Margaret经理,财务部,14265.15,已取消,2025-09-03,59,常规任务，按计划推进。
1087,杨静架构师,研发中心,12732.16,待审核,2024-03-04,17,OK
1088,赵磊实习生,客户成功,8094.33,已完成,2023-04-10,56,"客户反馈：希望增加导出功能；
预计下个迭代交付。"
1089,李娜顾问,数据平台,47261.94,阻塞,2023-09-23,88,"客户反馈：希望增加导出功能；
预计下个迭代交付。"
1090,陈杰数据分析师,研发中心,49598.83,待审核,2023-07-20,32,OK
1091,杨静顾问,人力资源,25709.21,阻塞,2023-12-03,37,"客户反馈：希望增加导出功能；
预计下个迭代交付。"
1092,杨静运维,人力资源,32586.24,已完成,2024-04-06,80,"客户反馈：希望增加导出功能；
预计下个迭代交付。"
1093,黄敏经理,客户成功,13254.99,阻塞,2023-07-23,6,"多行备注第一行
第二行补充说明
第三行是结论。"
1094,Margaret设计师,财务部,44715.01,阻塞,2024-11-03,90,"多行备注第一行
第二行补充说明
第三行是结论。"
1095,Margaret实习生,人力资源,49657.54,阻塞,2023-06-03,97,常规任务，按计划推进。
1096,周勇测试,人力资源,25292.12,已取消,2023-09-02,60,常规任务，按计划推进。
1097,王芳实习生,人力资源,20464.6,待审核,2023-07-02,2,"需要与跨部门协同，
优先级 P1。"
1098,王芳设计师,财务部,35163.3,待审核,2024-08-03,11,OK
1099,Linus数据分析师,客户成功,47750.83,已完成,2024-05-27,21,"多行备注第一行
第二行补充说明
第三行是结论。"
1100,Alan工程师,数据平台,9523.18,已取消,2023-09-24,51,"多行备注第一行
第二行补充说明
第三行是结论。"
1101,王芳工程师,客户成功,17296.35,待审核,2024-03-07,92,常规任务，按计划推进。
1102,Margaret架构师,市场部,24892.62,进行中,2025-09-21,85,常规任务，按计划推进。
1103,赵磊运维,人力资源,7358.69,进行中,2023-07-25,26,"多行备注第一行
第二行补充说明
第三行是结论。"
1104,杨静数据分析师,市场部,9112.39,待审核,2023-01-11,25,常规任务，按计划推进。
1105,刘洋产品经理,安全合规,42592.33,已完成,2025-03-02,54,OK
1106,王芳测试,财务部,30292.44,已完成,2025-04-18,51,"客户反馈：希望增加导出功能；
预计下个迭代交付。"
1107,王芳数据分析师,市场部,9764.84,已取消,2023-01-13,84,"需要与跨部门协同，
优先级 P1。"
1108,张伟经理,市场部,25644.92,进行中,2025-05-21,80,"需要与跨部门协同，
优先级 P1。"
1109,张伟产品经理,市场部,23499.36,阻塞,2024-02-23,69,OK
1110,李娜运维,研发中心,31994.02,待审核,2025-12-05,43,"多行备注第一行
第二行补充说明
第三行是结论。"
1111,Linus测试,安全合规,34986.68,进行中,2024-01-20,75,"客户反馈：希望增加导出功能；
预计下个迭代交付。"
1112,赵磊架构师,客户成功,38381.63,阻塞,2025-12-01,30,常规任务，按计划推进。
1113,吴婷产品经理,财务部,15637.83,待审核,2023-10-03,8,"多行备注第一行
第二行补充说明
第三行是结论。"
1114,杨静实习生,财务部,14090.53,待审核,2023-11-02,31,OK
1115,黄敏测试,市场部,17515.69,进行中,2025-07-21,37,常规任务，按计划推进。
1116,刘洋测试,财务部,15901.2,阻塞,2023-11-08,88,"多行备注第一行
第二行补充说明
第三行是结论。"
1117,吴婷经理,数据平台,19473.66,待审核,2025-01-03,63,常规任务，按计划推进。
1118,刘洋工程师,客户成功,49640.57,已完成,2023-02-06,76,OK
1119,Alan数据分析师,市场部,27834.1,待审核,2025-08-10,22,"多行备注第一行
第二行补充说明
第三行是结论。"
1120,刘洋经理,市场部,32263.31,已取消,2024-10-15,82,"多行备注第一行
第二行补充说明
第三行是结论。"
1121,陈杰实习生,研发中心,47795.59,已取消,2024-07-06,61,"客户反馈：希望增加导出功能；
预计下个迭代交付。"
1122,赵磊架构师,数据平台,38071.76,已完成,2024-01-25,49,"客户反馈：希望增加导出功能；
预计下个迭代交付。"
1123,Alan产品经理,安全合规,45790.57,已取消,2025-09-05,71,"多行备注第一行
第二行补充说明
第三行是结论。"
1124,陈杰经理,人力资源,18763.13,已取消,2024-09-20,62,常规任务，按计划推进。
1125,杨静设计师,客户成功,26116.63,已完成,2023-01-01,65,"需要与跨部门协同，
优先级 P1。"
1126,黄敏经理,人力资源,47312.82,已取消,2024-08-10,83,OK
1127,王芳经理,研发中心,49661.26,进行中,2024-10-06,25,"客户反馈：希望增加导出功能；
预计下个迭代交付。"
1128,陈杰测试,数据平台,36910.78,已取消,2025-01-21,50,"客户反馈：希望增加导出功能；
预计下个迭代交付。"
1129,Ada数据分析师,市场部,26497.65,已取消,2025-12-22,4,"多行备注第一行
第二行补充说明
第三行是结论。"
1130,陈杰顾问,人力资源,47491.93,已完成,2024-04-20,75,"多行备注第一行
第二行补充说明
第三行是结论。"
1131,张伟产品经理,安全合规,9153.76,待审核,2024-12-19,11,OK
1132,Margaret数据分析师,人力资源,12462.06,待审核,2024-12-10,65,OK
1133,Linus经理,数据平台,18859.05,待审核,2025-02-04,82,OK
1134,Grace测试,安全合规,11422.11,已完成,2025-07-23,40,常规任务，按计划推进。
1135,李娜实习生,研发中心,9359.18,待审核,2025-07-21,37,"客户反馈：希望增加导出功能；
预计下个迭代交付。"
1136,李娜设计师,财务部,13388.0,已完成,2023-08-06,65,常规任务，按计划推进。
1137,黄敏顾问,安全合规,14565.8,已完成,2023-12-06,98,"多行备注第一行
第二行补充说明
第三行是结论。"
1138,陈杰经理,人力资源,33207.68,阻塞,2023-11-06,11,"需要与跨部门协同，
优先级 P1。"
1139,王芳经理,研发中心,17454.3,已取消,2023-10-08,62,"客户反馈：希望增加导出功能；
预计下个迭代交付。"
1140,Linus产品经理,研发中心,7747.54,进行中,2025-10-26,6,常规任务，按计划推进。
1141,刘洋架构师,安全合规,5326.79,阻塞,2025-05-16,61,"需要与跨部门协同，
优先级 P1。"
1142,吴婷经理,财务部,21685.33,已取消,2024-04-12,86,"客户反馈：希望增加导出功能；
预计下个迭代交付。"
1143,赵磊顾问,研发中心,48888.73,已取消,2023-01-15,90,"客户反馈：希望增加导出功能；
预计下个迭代交付。"
1144,Ada设计师,研发中心,32085.91,阻塞,2024-12-25,32,"需要与跨部门协同，
优先级 P1。"
1145,黄敏顾问,客户成功,34649.42,待审核,2025-07-22,25,常规任务，按计划推进。
1146,Linus测试,研发中心,33519.98,进行中,2025-06-22,57,"多行备注第一行
第二行补充说明
第三行是结论。"
1147,吴婷实习生,人力资源,38264.21,进行中,2024-07-16,85,常规任务，按计划推进。
1148,Ada经理,财务部,32322.82,已完成,2025-10-26,92,OK
1149,张伟设计师,人力资源,40856.93,已取消,2025-09-28,60,"多行备注第一行
第二行补充说明
第三行是结论。"
1150,Margaret实习生,研发中心,26697.58,阻塞,2023-04-07,22,常规任务，按计划推进。
1151,王芳经理,客户成功,6314.98,已取消,2024-05-08,93,"需要与跨部门协同，
优先级 P1。"
1152,Linus实习生,客户成功,10539.41,已完成,2025-11-24,63,常规任务，按计划推进。
1153,Grace测试,安全合规,15071.28,阻塞,2025-02-21,44,"客户反馈：希望增加导出功能；
预计下个迭代交付。"
1154,Margaret经理,客户成功,33894.6,阻塞,2024-04-08,34,常规任务，按计划推进。
1155,陈杰产品经理,研发中心,9011.27,阻塞,2023-12-04,74,"需要与跨部门协同，
优先级 P1。"
1156,李娜测试,人力资源,30961.26,进行中,2024-01-19,69,"多行备注第一行
第二行补充说明
第三行是结论。"
1157,Alan经理,人力资源,19383.93,已取消,2025-03-17,85,OK
1158,吴婷数据分析师,研发中心,22789.06,阻塞,2024-06-05,38,"多行备注第一行
第二行补充说明
第三行是结论。"
1159,黄敏实习生,市场部,32065.94,已完成,2025-11-28,90,常规任务，按计划推进。
1160,吴婷测试,财务部,27607.01,进行中,2024-12-19,62,"多行备注第一行
第二行补充说明
第三行是结论。"
1161,黄敏运维,客户成功,48492.31,进行中,2024-03-27,92,"多行备注第一行
第二行补充说明
第三行是结论。"
1162,Alan数据分析师,客户成功,38107.65,已完成,2024-12-13,39,"多行备注第一行
第二行补充说明
第三行是结论。"
1163,张伟架构师,人力资源,20183.46,待审核,2024-07-13,10,OK
1164,Ada运维,财务部,36336.93,已完成,2025-09-13,13,"多行备注第一行
第二行补充说明
第三行是结论。"
1165,杨静顾问,安全合规,41228.23,已取消,2024-11-06,74,"多行备注第一行
第二行补充说明
第三行是结论。"
1166,黄敏实习生,财务部,45374.81,已完成,2023-12-07,95,常规任务，按计划推进。
1167,杨静顾问,研发中心,35524.3,已完成,2024-07-22,22,常规任务，按计划推进。
1168,王芳测试,人力资源,13083.48,进行中,2023-09-21,44,OK
1169,赵磊设计师,客户成功,37514.77,已完成,2023-02-08,51,"客户反馈：希望增加导出功能；
预计下个迭代交付。"
1170,陈杰顾问,市场部,34375.86,待审核,2025-11-22,12,"客户反馈：希望增加导出功能；
预计下个迭代交付。"
1171,Alan经理,财务部,33455.01,待审核,2024-01-04,15,常规任务，按计划推进。
1172,王芳实习生,客户成功,35095.65,阻塞,2023-01-19,74,OK
1173,黄敏运维,客户成功,38541.17,阻塞,2023-07-16,83,"客户反馈：希望增加导出功能；
预计下个迭代交付。"
1174,陈杰顾问,市场部,9474.86,进行中,2025-09-06,52,常规任务，按计划推进。
1175,赵磊架构师,安全合规,29138.76,阻塞,2024-02-17,75,OK
1176,Ada产品经理,安全合规,38884.47,进行中,2023-10-23,24,常规任务，按计划推进。
1177,周勇实习生,安全合规,19143.32,进行中,2023-10-07,84,"多行备注第一行
第二行补充说明
第三行是结论。"
1178,王芳架构师,财务部,43315.25,进行中,2023-02-17,39,"需要与跨部门协同，
优先级 P1。"
1179,周勇设计师,人力资源,48969.64,进行中,2023-05-02,67,"需要与跨部门协同，
优先级 P1。"
1180,Linus架构师,人力资源,11293.48,待审核,2025-06-17,46,OK
1181,周勇架构师,市场部,35956.86,进行中,2023-01-07,19,"需要与跨部门协同，
优先级 P1。"
1182,Alan数据分析师,市场部,32096.5,已完成,2025-06-09,17,OK
1183,赵磊产品经理,数据平台,16473.53,待审核,2025-03-13,59,常规任务，按计划推进。
1184,陈杰经理,客户成功,11445.98,已完成,2023-11-24,35,"多行备注第一行
第二行补充说明
第三行是结论。"
1185,Ada测试,数据平台,34579.31,阻塞,2025-03-14,20,"需要与跨部门协同，
优先级 P1。"
1186,Grace经理,人力资源,6165.94,阻塞,2023-02-09,16,OK
1187,王芳架构师,人力资源,7968.17,进行中,2024-06-25,35,"多行备注第一行
第二行补充说明
第三行是结论。"
1188,Alan数据分析师,财务部,5443.85,待审核,2023-07-04,16,"多行备注第一行
第二行补充说明
第三行是结论。"
1189,周勇运维,数据平台,41960.45,待审核,2023-09-12,90,OK
1190,Alan运维,数据平台,17197.43,进行中,2023-03-11,97,"客户反馈：希望增加导出功能；
预计下个迭代交付。"
1191,李娜测试,安全合规,38358.37,阻塞,2025-10-28,52,"客户反馈：希望增加导出功能；
预计下个迭代交付。"
1192,吴婷设计师,财务部,5427.39,阻塞,2025-03-22,17,"多行备注第一行
第二行补充说明
第三行是结论。"
1193,赵磊顾问,客户成功,17031.65,已取消,2025-04-22,78,"客户反馈：希望增加导出功能；
预计下个迭代交付。"
1194,Ada实习生,市场部,24753.2,已取消,2024-09-10,36,"客户反馈：希望增加导出功能；
预计下个迭代交付。"
1195,周勇数据分析师,财务部,33603.59,进行中,2024-07-25,41,常规任务，按计划推进。
1196,Linus产品经理,研发中心,37847.89,进行中,2023-10-02,11,"需要与跨部门协同，
优先级 P1。"
1197,周勇实习生,安全合规,44345.88,待审核,2025-09-24,18,"客户反馈：希望增加导出功能；
预计下个迭代交付。"
1198,黄敏架构师,客户成功,49907.95,阻塞,2025-02-13,2,OK
1199,刘洋工程师,客户成功,24124.05,阻塞,2025-06-08,95,OK
1200,Linus顾问,研发中心,32331.81,已完成,2025-09-08,23,常规任务，按计划推进。
1201,杨静设计师,数据平台,20898.12,进行中,2024-08-13,22,"需要与跨部门协同，
优先级 P1。"
1202,王芳测试,客户成功,16239.44,阻塞,2023-05-10,62,"需要与跨部门协同，
优先级 P1。"
1203,陈杰数据分析师,研发中心,38211.16,阻塞,2024-04-10,83,OK
1204,Alan工程师,人力资源,45162.23,待审核,2023-06-01,79,"客户反馈：希望增加导出功能；
预计下个迭代交付。"
1205,杨静运维,财务部,9822.38,已取消,2025-03-13,46,常规任务，按计划推进。
1206,王芳经理,人力资源,13889.5,阻塞,2025-03-14,16,"客户反馈：希望增加导出功能；
预计下个迭代交付。"
1207,张伟设计师,安全合规,34548.51,已完成,2024-07-12,39,"需要与跨部门协同，
优先级 P1。"
1208,赵磊设计师,数据平台,41519.47,进行中,2024-11-27,57,"多行备注第一行
第二行补充说明
第三行是结论。"
1209,李娜测试,客户成功,24528.21,已取消,2025-04-04,25,"需要与跨部门协同，
优先级 P1。"
1210,张伟设计师,人力资源,23947.51,已取消,2023-03-22,26,"客户反馈：希望增加导出功能；
预计下个迭代交付。"
1211,Linus运维,研发中心,23949.29,阻塞,2024-11-23,17,"需要与跨部门协同，
优先级 P1。"
1212,Grace经理,数据平台,37669.76,待审核,2023-02-04,3,"多行备注第一行
第二行补充说明
第三行是结论。"
1213,李娜测试,数据平台,5614.2,已完成,2023-11-27,44,"客户反馈：希望增加导出功能；
预计下个迭代交付。"
1214,吴婷工程师,人力资源,26608.69,已取消,2024-02-25,55,"多行备注第一行
第二行补充说明
第三行是结论。"
1215,吴婷设计师,客户成功,28005.79,已完成,2024-02-28,34,"多行备注第一行
第二行补充说明
第三行是结论。"
1216,Linus经理,市场部,26325.18,进行中,2025-12-17,79,"多行备注第一行
第二行补充说明
第三行是结论。"
1217,刘洋顾问,客户成功,33551.47,已完成,2023-03-13,5,"需要与跨部门协同，
优先级 P1。"
1218,刘洋设计师,人力资源,5794.76,已完成,2023-01-13,53,OK
1219,陈杰数据分析师,市场部,20128.0,待审核,2023-09-14,83,常规任务，按计划推进。
1220,陈杰产品经理,财务部,21360.93,已取消,2025-07-08,41,常规任务，按计划推进。
1221,李娜工程师,研发中心,7345.88,已取消,2023-05-16,36,OK
1222,王芳经理,市场部,16351.84,待审核,2024-06-10,15,常规任务，按计划推进。
1223,Linus工程师,客户成功,29829.57,已完成,2024-06-24,47,OK
1224,周勇顾问,财务部,15721.35,已取消,2023-10-13,12,常规任务，按计划推进。
1225,李娜顾问,研发中心,6846.75,已完成,2023-12-15,13,常规任务，按计划推进。
1226,周勇顾问,财务部,18566.44,待审核,2023-09-24,20,常规任务，按计划推进。
1227,李娜数据分析师,人力资源,29772.31,已取消,2025-06-12,58,常规任务，按计划推进。
1228,Margaret经理,研发中心,26726.93,阻塞,2025-01-06,77,"需要与跨部门协同，
优先级 P1。"
1229,Ada设计师,财务部,7045.04,阻塞,2023-12-07,95,"客户反馈：希望增加导出功能；
预计下个迭代交付。"
1230,黄敏架构师,安全合规,28106.95,进行中,2023-08-25,66,"客户反馈：希望增加导出功能；
预计下个迭代交付。"
1231,周勇经理,人力资源,32324.83,已完成,2023-01-06,74,"多行备注第一行
第二行补充说明
第三行是结论。"
1232,吴婷工程师,安全合规,28075.81,阻塞,2025-12-17,34,"需要与跨部门协同，
优先级 P1。"
1233,Alan数据分析师,财务部,36871.46,阻塞,2023-03-08,6,OK
1234,刘洋运维,研发中心,33782.69,已取消,2023-05-28,7,"多行备注第一行
第二行补充说明
第三行是结论。"
1235,Alan数据分析师,数据平台,10228.32,已取消,2025-10-12,42,常规任务，按计划推进。
1236,Ada架构师,财务部,37493.58,待审核,2025-05-11,8,常规任务，按计划推进。
1237,Alan测试,市场部,37871.45,已取消,2023-05-01,69,OK
1238,王芳经理,客户成功,16580.53,阻塞,2025-04-27,57,"多行备注第一行
第二行补充说明
第三行是结论。"
1239,杨静运维,市场部,31174.87,待审核,2023-08-08,94,"客户反馈：希望增加导出功能；
预计下个迭代交付。"
1240,杨静设计师,人力资源,9216.1,已完成,2024-03-27,23,"多行备注第一行
第二行补充说明
第三行是结论。"
1241,吴婷实习生,客户成功,13118.3,已取消,2023-05-06,23,"客户反馈：希望增加导出功能；
预计下个迭代交付。"
1242,Linus顾问,市场部,8125.44,进行中,2024-04-15,83,"客户反馈：希望增加导出功能；
预计下个迭代交付。"
1243,王芳架构师,市场部,37704.41,进行中,2025-02-13,50,常规任务，按计划推进。
1244,王芳工程师,安全合规,42373.27,进行中,2023-04-25,11,"需要与跨部门协同，
优先级 P1。"
1245,李娜顾问,研发中心,40658.02,进行中,2023-09-24,44,常规任务，按计划推进。
1246,刘洋设计师,人力资源,39185.23,待审核,2023-05-11,62,"多行备注第一行
第二行补充说明
第三行是结论。"
1247,刘洋工程师,数据平台,36141.85,阻塞,2023-01-27,6,常规任务，按计划推进。
1248,周勇运维,研发中心,28019.41,待审核,2023-01-08,4,"多行备注第一行
第二行补充说明
第三行是结论。"
1249,赵磊经理,市场部,20898.95,已取消,2023-11-13,88,常规任务，按计划推进。
1250,黄敏设计师,研发中心,15103.51,已取消,2024-02-20,43,常规任务，按计划推进。
1251,杨静产品经理,研发中心,32202.79,已完成,2024-09-11,77,"多行备注第一行
第二行补充说明
第三行是结论。"
1252,Linus经理,市场部,45190.29,已取消,2025-05-12,14,"需要与跨部门协同，
优先级 P1。"
1253,Margaret实习生,客户成功,21610.06,已取消,2025-02-26,1,"多行备注第一行
第二行补充说明
第三行是结论。"
1254,Grace设计师,财务部,11650.11,待审核,2025-08-27,9,常规任务，按计划推进。
1255,吴婷经理,客户成功,17531.43,进行中,2024-03-06,99,"客户反馈：希望增加导出功能；
预计下个迭代交付。"
1256,杨静测试,人力资源,24072.44,待审核,2025-11-11,18,"多行备注第一行
第二行补充说明
第三行是结论。"
1257,赵磊经理,数据平台,27369.6,阻塞,2024-09-18,30,"客户反馈：希望增加导出功能；
预计下个迭代交付。"
1258,王芳顾问,客户成功,23982.83,阻塞,2025-12-08,90,常规任务，按计划推进。
1259,刘洋测试,研发中心,14147.58,进行中,2024-09-16,18,常规任务，按计划推进。
1260,张伟测试,财务部,43193.82,已完成,2024-08-05,71,"客户反馈：希望增加导出功能；
预计下个迭代交付。"
1261,刘洋数据分析师,安全合规,15106.42,已完成,2023-12-23,19,"客户反馈：希望增加导出功能；
预计下个迭代交付。"
1262,Ada工程师,客户成功,48421.09,已取消,2023-12-04,85,OK
1263,王芳实习生,安全合规,31726.65,已完成,2023-03-12,19,常规任务，按计划推进。
1264,刘洋产品经理,研发中心,30613.24,待审核,2023-03-16,96,"多行备注第一行
第二行补充说明
第三行是结论。"
1265,Ada架构师,客户成功,47694.46,待审核,2024-12-11,57,常规任务，按计划推进。
1266,陈杰产品经理,市场部,7700.04,进行中,2025-03-17,21,常规任务，按计划推进。
1267,赵磊经理,客户成功,47670.89,待审核,2025-12-27,34,OK
1268,周勇运维,客户成功,15229.17,已完成,2024-02-17,49,"多行备注第一行
第二行补充说明
第三行是结论。"
1269,Ada数据分析师,人力资源,32856.97,已完成,2024-03-27,96,OK
1270,吴婷产品经理,安全合规,36159.2,待审核,2024-11-21,52,"客户反馈：希望增加导出功能；
预计下个迭代交付。"
1271,李娜工程师,安全合规,21716.52,待审核,2023-05-04,14,常规任务，按计划推进。
1272,杨静顾问,安全合规,43097.42,进行中,2023-05-06,70,常规任务，按计划推进。
1273,王芳数据分析师,数据平台,5493.97,已取消,2023-09-07,82,常规任务，按计划推进。
1274,刘洋运维,研发中心,48949.84,阻塞,2023-10-26,62,常规任务，按计划推进。
1275,张伟测试,研发中心,47457.91,进行中,2024-05-13,65,"多行备注第一行
第二行补充说明
第三行是结论。"
1276,杨静经理,客户成功,21012.68,已完成,2025-11-04,43,"客户反馈：希望增加导出功能；
预计下个迭代交付。"
1277,Margaret架构师,研发中心,27597.97,已完成,2023-10-26,49,"客户反馈：希望增加导出功能；
预计下个迭代交付。"
1278,吴婷工程师,财务部,12255.04,待审核,2023-11-03,92,"多行备注第一行
第二行补充说明
第三行是结论。"
1279,Margaret数据分析师,安全合规,35665.69,已完成,2025-03-17,67,OK
1280,Linus架构师,安全合规,20363.69,已完成,2024-05-12,80,"客户反馈：希望增加导出功能；
预计下个迭代交付。"
1281,张伟经理,市场部,14396.93,阻塞,2025-02-05,73,"客户反馈：希望增加导出功能；
预计下个迭代交付。"
1282,王芳工程师,市场部,39484.28,已取消,2025-02-16,13,"客户反馈：希望增加导出功能；
预计下个迭代交付。"
1283,杨静设计师,财务部,12266.26,已取消,2025-06-12,12,常规任务，按计划推进。
1284,李娜实习生,财务部,49376.45,已取消,2024-11-05,16,OK
1285,黄敏工程师,财务部,43655.15,待审核,2024-10-22,17,"客户反馈：希望增加导出功能；
预计下个迭代交付。"
1286,杨静架构师,安全合规,33108.44,已取消,2024-02-22,53,OK
1287,黄敏运维,客户成功,6920.4,进行中,2025-04-23,72,常规任务，按计划推进。
1288,李娜产品经理,财务部,21911.98,阻塞,2024-02-08,50,"客户反馈：希望增加导出功能；
预计下个迭代交付。"
1289,Linus产品经理,财务部,25964.49,阻塞,2024-02-03,24,常规任务，按计划推进。
1290,Margaret经理,安全合规,24490.15,待审核,2024-02-11,44,OK
1291,黄敏数据分析师,客户成功,38357.81,进行中,2024-08-02,70,"多行备注第一行
第二行补充说明
第三行是结论。"
1292,黄敏设计师,客户成功,14606.16,阻塞,2023-10-25,49,常规任务，按计划推进。
1293,Margaret测试,安全合规,24354.94,待审核,2023-01-07,3,"客户反馈：希望增加导出功能；
预计下个迭代交付。"
1294,陈杰运维,客户成功,12924.75,已完成,2023-05-13,11,"需要与跨部门协同，
优先级 P1。"
1295,Alan实习生,安全合规,23887.48,已完成,2025-05-06,7,常规任务，按计划推进。
1296,Margaret经理,财务部,48351.46,已取消,2023-04-12,54,"客户反馈：希望增加导出功能；
预计下个迭代交付。"
1297,黄敏架构师,客户成功,40273.58,待审核,2024-12-19,50,常规任务，按计划推进。
1298,周勇顾问,市场部,8501.39,阻塞,2025-03-11,86,"需要与跨部门协同，
优先级 P1。"
1299,张伟设计师,人力资源,47021.87,待审核,2024-02-26,87,"客户反馈：希望增加导出功能；
预计下个迭代交付。"
1300,陈杰架构师,客户成功,5165.46,待审核,2023-11-15,82,OK
1301,王芳工程师,市场部,38556.84,已完成,2024-12-18,100,"多行备注第一行
第二行补充说明
第三行是结论。"
1302,吴婷经理,市场部,20663.85,已完成,2025-10-01,48,"需要与跨部门协同，
优先级 P1。"
1303,张伟运维,财务部,27593.83,进行中,2025-08-21,59,"客户反馈：希望增加导出功能；
预计下个迭代交付。"
1304,赵磊测试,财务部,42268.36,待审核,2025-06-04,23,"客户反馈：希望增加导出功能；
预计下个迭代交付。"
1305,赵磊测试,市场部,29873.91,已完成,2025-07-13,37,"客户反馈：希望增加导出功能；
预计下个迭代交付。"
1306,Linus运维,客户成功,32916.94,进行中,2023-02-03,84,常规任务，按计划推进。
1307,吴婷经理,研发中心,27338.22,阻塞,2025-02-21,57,OK
1308,吴婷工程师,客户成功,18045.7,待审核,2023-04-25,59,OK
1309,赵磊产品经理,市场部,43535.42,进行中,2024-08-14,83,"客户反馈：希望增加导出功能；
预计下个迭代交付。"
1310,张伟测试,安全合规,15077.15,已取消,2024-11-09,40,"客户反馈：希望增加导出功能；
预计下个迭代交付。"
1311,Linus数据分析师,研发中心,45508.43,待审核,2023-01-01,20,"需要与跨部门协同，
优先级 P1。"
1312,Alan架构师,安全合规,38356.04,已取消,2024-03-19,56,"多行备注第一行
第二行补充说明
第三行是结论。"
1313,周勇经理,市场部,32732.06,待审核,2023-10-14,17,"客户反馈：希望增加导出功能；
预计下个迭代交付。"
1314,Ada设计师,人力资源,45687.71,阻塞,2023-07-08,13,"多行备注第一行
第二行补充说明
第三行是结论。"
1315,周勇产品经理,客户成功,30962.02,待审核,2025-05-27,71,"多行备注第一行
第二行补充说明
第三行是结论。"
1316,杨静数据分析师,研发中心,9196.94,待审核,2023-11-25,76,"多行备注第一行
第二行补充说明
第三行是结论。"
1317,张伟顾问,客户成功,29465.26,进行中,2025-07-01,96,"多行备注第一行
第二行补充说明
第三行是结论。"
1318,黄敏测试,市场部,15787.48,已完成,2024-04-18,32,"客户反馈：希望增加导出功能；
预计下个迭代交付。"
1319,Grace运维,客户成功,7328.7,进行中,2023-11-01,82,OK
1320,Alan产品经理,研发中心,25660.75,阻塞,2023-02-05,37,"需要与跨部门协同，
优先级 P1。"
1321,Margaret设计师,研发中心,8482.16,已取消,2023-07-04,63,常规任务，按计划推进。
1322,赵磊产品经理,人力资源,48164.77,进行中,2023-11-14,49,"需要与跨部门协同，
优先级 P1。"
1323,Linus实习生,安全合规,12249.66,已取消,2023-03-22,73,OK
1324,Alan工程师,研发中心,48916.21,已取消,2024-10-20,70,常规任务，按计划推进。
1325,李娜架构师,客户成功,16452.55,进行中,2023-10-01,69,常规任务，按计划推进。
1326,周勇架构师,安全合规,11855.57,已取消,2023-04-01,42,"多行备注第一行
第二行补充说明
第三行是结论。"
1327,刘洋产品经理,客户成功,36122.08,已完成,2024-05-16,26,常规任务，按计划推进。
1328,杨静架构师,客户成功,18244.44,待审核,2024-09-13,25,"需要与跨部门协同，
优先级 P1。"
1329,李娜数据分析师,客户成功,43071.61,已取消,2024-02-19,99,OK
1330,陈杰设计师,安全合规,14262.43,待审核,2024-08-14,77,"需要与跨部门协同，
优先级 P1。"
1331,Alan测试,数据平台,9840.16,待审核,2024-04-19,46,"需要与跨部门协同，
优先级 P1。"
1332,Margaret产品经理,人力资源,12526.21,进行中,2025-05-19,53,"需要与跨部门协同，
优先级 P1。"
1333,吴婷架构师,财务部,22923.8,进行中,2023-06-14,24,"需要与跨部门协同，
优先级 P1。"
1334,刘洋产品经理,市场部,34562.96,已取消,2023-06-04,2,"需要与跨部门协同，
优先级 P1。"
1335,Ada工程师,客户成功,19799.12,待审核,2025-06-08,72,常规任务，按计划推进。
1336,赵磊运维,数据平台,14547.88,已完成,2023-09-09,92,OK
1337,Margaret产品经理,数据平台,45169.88,待审核,2025-07-11,41,"多行备注第一行
第二行补充说明
第三行是结论。"
1338,刘洋工程师,安全合规,27227.04,进行中,2024-07-04,16,"客户反馈：希望增加导出功能；
预计下个迭代交付。"
1339,李娜顾问,财务部,31602.7,已完成,2025-01-10,3,OK
1340,张伟实习生,财务部,10897.61,待审核,2023-09-17,6,"需要与跨部门协同，
优先级 P1。"
1341,Linus工程师,研发中心,26145.2,待审核,2025-05-09,41,"需要与跨部门协同，
优先级 P1。"
1342,赵磊产品经理,数据平台,39857.6,待审核,2025-01-13,39,"客户反馈：希望增加导出功能；
预计下个迭代交付。"
1343,黄敏产品经理,安全合规,21825.77,阻塞,2023-01-08,7,常规任务，按计划推进。
1344,李娜产品经理,财务部,43762.49,待审核,2023-03-03,25,"需要与跨部门协同，
优先级 P1。"
1345,Alan架构师,研发中心,47034.97,进行中,2024-01-04,7,"需要与跨部门协同，
优先级 P1。"
1346,王芳运维,财务部,35956.47,待审核,2024-12-06,18,OK
1347,黄敏产品经理,市场部,19369.97,已完成,2025-07-21,58,常规任务，按计划推进。
1348,周勇架构师,市场部,31004.81,待审核,2024-06-25,94,"客户反馈：希望增加导出功能；
预计下个迭代交付。"
1349,刘洋产品经理,财务部,39479.09,进行中,2024-09-27,32,"多行备注第一行
第二行补充说明
第三行是结论。"
1350,Ada产品经理,研发中心,48729.43,进行中,2023-01-22,28,"客户反馈：希望增加导出功能；
预计下个迭代交付。"
1351,Alan经理,市场部,26944.05,已取消,2023-10-25,68,OK
1352,Alan测试,安全合规,47497.16,待审核,2025-03-28,65,常规任务，按计划推进。
1353,Margaret设计师,市场部,46251.38,待审核,2024-10-17,26,"客户反馈：希望增加导出功能；
预计下个迭代交付。"
1354,刘洋产品经理,财务部,24039.23,已取消,2025-11-04,19,"客户反馈：希望增加导出功能；
预计下个迭代交付。"
1355,Margaret产品经理,客户成功,9958.96,进行中,2024-03-09,4,"客户反馈：希望增加导出功能；
预计下个迭代交付。"
1356,Linus架构师,人力资源,20838.06,进行中,2025-02-12,56,"多行备注第一行
第二行补充说明
第三行是结论。"
1357,李娜经理,数据平台,24388.18,已取消,2023-08-09,48,常规任务，按计划推进。
1358,张伟经理,客户成功,46760.9,已完成,2024-04-13,23,OK
1359,陈杰架构师,数据平台,27212.73,待审核,2023-11-02,83,"多行备注第一行
第二行补充说明
第三行是结论。"
1360,王芳数据分析师,研发中心,7391.2,进行中,2025-05-08,9,OK
1361,王芳运维,市场部,44717.01,待审核,2024-07-04,29,"需要与跨部门协同，
优先级 P1。"
1362,黄敏数据分析师,市场部,40357.74,已取消,2025-05-23,77,"需要与跨部门协同，
优先级 P1。"
1363,Ada工程师,研发中心,13328.55,阻塞,2024-12-10,89,"多行备注第一行
第二行补充说明
第三行是结论。"
1364,李娜测试,客户成功,8125.46,已完成,2024-08-05,2,"客户反馈：希望增加导出功能；
预计下个迭代交付。"
1365,赵磊测试,研发中心,12988.18,已取消,2023-03-22,98,常规任务，按计划推进。
1366,吴婷测试,人力资源,31242.15,待审核,2023-08-04,6,常规任务，按计划推进。
1367,吴婷运维,安全合规,15272.95,阻塞,2023-03-25,13,常规任务，按计划推进。
1368,陈杰测试,人力资源,27079.78,已取消,2025-05-22,63,"需要与跨部门协同，
优先级 P1。"
1369,杨静实习生,研发中心,42248.73,已取消,2025-06-17,100,OK
1370,黄敏产品经理,财务部,35860.29,进行中,2023-07-28,29,"多行备注第一行
第二行补充说明
第三行是结论。"
1371,杨静实习生,研发中心,15996.55,待审核,2024-04-24,12,"多行备注第一行
第二行补充说明
第三行是结论。"
1372,Margaret经理,客户成功,9856.92,已取消,2025-11-18,58,OK
1373,李娜运维,客户成功,20698.03,已取消,2024-10-14,36,"需要与跨部门协同，
优先级 P1。"
1374,刘洋工程师,数据平台,28403.5,已取消,2025-02-14,59,OK
1375,Grace测试,财务部,9958.58,进行中,2024-11-05,60,"多行备注第一行
第二行补充说明
第三行是结论。"
1376,周勇运维,数据平台,30116.34,已完成,2024-08-10,9,"需要与跨部门协同，
优先级 P1。"
1377,张伟实习生,研发中心,14779.64,阻塞,2023-01-16,40,常规任务，按计划推进。
1378,赵磊测试,客户成功,42534.95,进行中,2024-03-12,37,OK
1379,Linus架构师,市场部,47915.84,已取消,2023-12-07,56,OK
1380,Margaret产品经理,财务部,14848.6,待审核,2024-04-26,87,"客户反馈：希望增加导出功能；
预计下个迭代交付。"
1381,赵磊经理,研发中心,45186.51,已取消,2025-05-06,73,"客户反馈：希望增加导出功能；
预计下个迭代交付。"
1382,Linus测试,安全合规,31017.53,已完成,2024-03-14,71,"多行备注第一行
第二行补充说明
第三行是结论。"
1383,陈杰运维,研发中心,18380.04,待审核,2025-03-13,56,常规任务，按计划推进。
1384,李娜架构师,人力资源,36236.0,阻塞,2025-12-12,60,"需要与跨部门协同，
优先级 P1。"
1385,赵磊实习生,人力资源,48265.11,待审核,2023-09-01,99,"客户反馈：希望增加导出功能；
预计下个迭代交付。"
1386,王芳设计师,数据平台,45808.2,已完成,2025-09-12,17,OK
1387,周勇顾问,财务部,7409.12,待审核,2023-07-22,1,"客户反馈：希望增加导出功能；
预计下个迭代交付。"
1388,Grace架构师,人力资源,42763.91,进行中,2023-05-27,84,常规任务，按计划推进。
1389,杨静顾问,研发中心,41987.31,阻塞,2024-12-11,8,常规任务，按计划推进。
1390,Ada顾问,客户成功,27986.94,进行中,2025-04-17,19,OK
1391,Ada实习生,市场部,15059.46,已完成,2024-11-10,93,常规任务，按计划推进。
1392,Grace实习生,数据平台,35949.86,进行中,2023-01-05,78,常规任务，按计划推进。
1393,周勇产品经理,市场部,14193.21,待审核,2023-09-15,51,常规任务，按计划推进。
1394,Margaret产品经理,财务部,23205.08,已完成,2023-09-09,79,"客户反馈：希望增加导出功能；
预计下个迭代交付。"
1395,Alan顾问,研发中心,24455.92,进行中,2023-03-27,96,"多行备注第一行
第二行补充说明
第三行是结论。"
1396,李娜架构师,客户成功,36483.29,已完成,2024-08-10,38,常规任务，按计划推进。
1397,吴婷实习生,财务部,35046.48,待审核,2024-12-26,14,"客户反馈：希望增加导出功能；
预计下个迭代交付。"
1398,赵磊经理,市场部,6258.68,待审核,2023-10-13,2,OK
1399,陈杰工程师,客户成功,34269.0,阻塞,2024-01-12,18,"客户反馈：希望增加导出功能；
预计下个迭代交付。"
1400,Margaret实习生,财务部,5410.4,已完成,2024-09-28,65,"多行备注第一行
第二行补充说明
第三行是结论。"
1401,杨静架构师,人力资源,28087.03,已完成,2025-03-12,84,OK
1402,杨静实习生,客户成功,43639.88,已完成,2024-11-10,51,常规任务，按计划推进。
1403,Margaret实习生,人力资源,48314.98,阻塞,2025-03-19,91,OK
1404,Grace架构师,财务部,10823.99,已取消,2025-10-12,75,OK
1405,Alan经理,研发中心,7021.81,已完成,2023-02-22,14,"客户反馈：希望增加导出功能；
预计下个迭代交付。"
1406,Margaret实习生,财务部,39195.92,已完成,2023-03-24,50,"客户反馈：希望增加导出功能；
预计下个迭代交付。"
1407,Margaret产品经理,研发中心,32535.66,进行中,2023-12-03,57,"需要与跨部门协同，
优先级 P1。"
1408,吴婷工程师,市场部,19452.16,待审核,2024-03-21,74,OK
1409,刘洋数据分析师,财务部,27099.64,已取消,2023-04-24,21,"客户反馈：希望增加导出功能；
预计下个迭代交付。"
1410,Alan架构师,安全合规,40550.19,进行中,2025-01-21,86,常规任务，按计划推进。
1411,刘洋工程师,安全合规,11325.32,进行中,2024-07-19,70,常规任务，按计划推进。
1412,杨静设计师,客户成功,37848.97,阻塞,2024-04-27,27,OK
1413,Alan实习生,数据平台,20844.77,阻塞,2025-03-26,9,"客户反馈：希望增加导出功能；
预计下个迭代交付。"
1414,赵磊经理,安全合规,8189.04,进行中,2023-09-10,13,常规任务，按计划推进。
1415,黄敏数据分析师,研发中心,32067.03,已取消,2023-04-27,38,"需要与跨部门协同，
优先级 P1。"
1416,赵磊测试,研发中心,44259.91,已完成,2024-02-18,74,"多行备注第一行
第二行补充说明
第三行是结论。"
1417,Alan架构师,数据平台,27502.12,待审核,2025-01-18,90,常规任务，按计划推进。
1418,吴婷实习生,财务部,34395.44,进行中,2024-07-09,26,"需要与跨部门协同，
优先级 P1。"
1419,Margaret工程师,市场部,14190.5,已取消,2025-01-08,64,常规任务，按计划推进。
1420,Grace顾问,数据平台,36639.09,进行中,2024-02-14,77,OK
1421,Margaret产品经理,数据平台,26544.72,已完成,2024-12-02,14,常规任务，按计划推进。
1422,黄敏架构师,市场部,34265.16,待审核,2024-05-26,30,常规任务，按计划推进。
1423,Margaret工程师,研发中心,39812.6,已完成,2025-10-28,49,常规任务，按计划推进。
1424,周勇实习生,研发中心,22420.62,待审核,2025-03-14,90,"客户反馈：希望增加导出功能；
预计下个迭代交付。"
1425,周勇设计师,研发中心,24707.88,阻塞,2024-06-07,44,"客户反馈：希望增加导出功能；
预计下个迭代交付。"
1426,Margaret工程师,市场部,15441.5,阻塞,2023-04-14,96,OK
1427,吴婷工程师,安全合规,5670.44,已完成,2023-02-02,17,"客户反馈：希望增加导出功能；
预计下个迭代交付。"
1428,李娜运维,研发中心,19135.66,阻塞,2025-04-10,17,OK
1429,赵磊实习生,客户成功,10506.94,进行中,2023-05-18,27,"客户反馈：希望增加导出功能；
预计下个迭代交付。"
1430,Ada测试,安全合规,14912.93,已取消,2024-09-10,84,"多行备注第一行
第二行补充说明
第三行是结论。"
1431,周勇运维,财务部,36399.73,阻塞,2023-01-12,53,OK
1432,黄敏运维,研发中心,14159.97,已完成,2025-04-10,95,OK
1433,刘洋产品经理,财务部,37620.98,已完成,2023-04-23,57,"客户反馈：希望增加导出功能；
预计下个迭代交付。"
1434,王芳工程师,人力资源,42634.63,已取消,2024-10-13,39,常规任务，按计划推进。
1435,张伟运维,安全合规,32438.65,待审核,2023-07-13,57,常规任务，按计划推进。
1436,刘洋数据分析师,人力资源,13299.21,待审核,2025-01-22,40,常规任务，按计划推进。
1437,周勇测试,研发中心,45952.43,已取消,2024-10-07,97,常规任务，按计划推进。
1438,杨静顾问,人力资源,43958.4,进行中,2023-09-13,93,"需要与跨部门协同，
优先级 P1。"
1439,Alan架构师,人力资源,24072.58,阻塞,2025-05-06,49,"客户反馈：希望增加导出功能；
预计下个迭代交付。"
1440,Ada数据分析师,市场部,45847.07,已取消,2025-05-03,32,OK
1441,陈杰测试,数据平台,22757.05,阻塞,2024-06-09,85,"需要与跨部门协同，
优先级 P1。"
1442,Grace顾问,研发中心,10593.79,阻塞,2025-06-27,34,"多行备注第一行
第二行补充说明
第三行是结论。"
1443,黄敏实习生,研发中心,24795.92,待审核,2023-06-16,82,OK
1444,刘洋经理,研发中心,31080.66,进行中,2024-10-18,41,常规任务，按计划推进。
1445,黄敏设计师,财务部,39468.96,已取消,2024-08-05,30,"多行备注第一行
第二行补充说明
第三行是结论。"
1446,李娜顾问,客户成功,7231.09,进行中,2025-01-06,88,OK
1447,Alan实习生,数据平台,19280.05,阻塞,2025-04-02,92,"需要与跨部门协同，
优先级 P1。"
1448,陈杰工程师,客户成功,43021.89,已取消,2025-12-02,77,"多行备注第一行
第二行补充说明
第三行是结论。"
1449,杨静产品经理,研发中心,27812.21,进行中,2025-02-08,27,"需要与跨部门协同，
优先级 P1。"
1450,吴婷测试,安全合规,42021.18,待审核,2023-11-14,37,"多行备注第一行
第二行补充说明
第三行是结论。"
1451,张伟测试,数据平台,40467.4,已取消,2024-11-12,61,"需要与跨部门协同，
优先级 P1。"
1452,吴婷工程师,市场部,21573.59,已取消,2023-10-01,14,OK
1453,刘洋测试,数据平台,37209.56,阻塞,2025-12-12,28,"客户反馈：希望增加导出功能；
预计下个迭代交付。"
1454,Alan顾问,研发中心,34567.67,已完成,2024-11-03,10,"多行备注第一行
第二行补充说明
第三行是结论。"
1455,吴婷架构师,数据平台,33364.6,待审核,2025-12-04,68,常规任务，按计划推进。
1456,吴婷实习生,客户成功,28600.16,待审核,2024-05-07,74,"需要与跨部门协同，
优先级 P1。"
1457,Margaret数据分析师,财务部,15938.3,已取消,2023-08-11,96,常规任务，按计划推进。
1458,Ada数据分析师,人力资源,37975.92,待审核,2024-02-12,72,OK
1459,王芳测试,客户成功,26786.95,已完成,2024-07-08,73,"多行备注第一行
第二行补充说明
第三行是结论。"
1460,Margaret架构师,市场部,39940.17,待审核,2025-10-22,18,OK
1461,陈杰运维,财务部,19123.0,进行中,2024-07-17,19,OK
1462,黄敏数据分析师,市场部,44438.26,进行中,2023-02-14,34,OK
1463,Ada实习生,客户成功,9544.79,进行中,2024-01-23,22,常规任务，按计划推进。
1464,李娜架构师,安全合规,28818.94,待审核,2024-06-05,52,OK
1465,刘洋运维,研发中心,20156.37,已取消,2025-10-20,14,常规任务，按计划推进。
1466,王芳测试,人力资源,45980.34,待审核,2025-07-10,97,"客户反馈：希望增加导出功能；
预计下个迭代交付。"
1467,Ada设计师,客户成功,13255.29,阻塞,2025-02-05,1,OK
1468,吴婷测试,客户成功,34223.21,待审核,2024-08-06,66,OK
1469,陈杰产品经理,市场部,18380.68,已取消,2023-10-17,68,OK
1470,周勇经理,财务部,19526.0,已取消,2023-03-02,95,"多行备注第一行
第二行补充说明
第三行是结论。"
1471,赵磊架构师,财务部,30881.2,阻塞,2024-02-12,37,"多行备注第一行
第二行补充说明
第三行是结论。"
1472,王芳运维,财务部,26898.61,已完成,2023-05-09,78,常规任务，按计划推进。
1473,Margaret数据分析师,客户成功,17538.29,进行中,2023-09-27,66,"多行备注第一行
第二行补充说明
第三行是结论。"
1474,张伟顾问,研发中心,48193.55,阻塞,2025-04-01,63,常规任务，按计划推进。
1475,杨静数据分析师,财务部,47381.27,阻塞,2024-12-15,67,"多行备注第一行
第二行补充说明
第三行是结论。"
1476,Alan实习生,财务部,46309.78,进行中,2024-07-16,34,常规任务，按计划推进。
1477,Alan设计师,财务部,37923.52,进行中,2024-02-24,29,常规任务，按计划推进。
1478,杨静设计师,数据平台,20090.17,待审核,2025-12-17,87,常规任务，按计划推进。
1479,Ada测试,研发中心,24501.99,阻塞,2024-04-27,72,常规任务，按计划推进。
1480,Linus工程师,市场部,11159.36,待审核,2023-11-07,34,"客户反馈：希望增加导出功能；
预计下个迭代交付。"
1481,李娜实习生,安全合规,13419.72,待审核,2024-03-07,82,常规任务，按计划推进。
1482,周勇数据分析师,研发中心,24544.35,待审核,2025-10-07,91,"多行备注第一行
第二行补充说明
第三行是结论。"
1483,张伟经理,客户成功,16838.32,待审核,2025-10-08,82,"需要与跨部门协同，
优先级 P1。"
1484,黄敏架构师,客户成功,47945.08,已取消,2023-05-22,63,"客户反馈：希望增加导出功能；
预计下个迭代交付。"
1485,Grace经理,数据平台,21070.75,待审核,2024-02-08,15,"需要与跨部门协同，
优先级 P1。"
1486,赵磊实习生,财务部,16132.83,待审核,2023-03-15,41,常规任务，按计划推进。
1487,杨静经理,客户成功,10762.6,待审核,2024-10-14,88,"多行备注第一行
第二行补充说明
第三行是结论。"
1488,张伟运维,财务部,27836.93,待审核,2023-09-25,42,"需要与跨部门协同，
优先级 P1。"
1489,Linus测试,人力资源,22612.03,待审核,2024-07-09,7,"需要与跨部门协同，
优先级 P1。"
1490,黄敏数据分析师,财务部,33631.98,进行中,2024-08-14,29,OK
1491,Margaret设计师,数据平台,14279.04,进行中,2025-10-11,17,OK
1492,周勇工程师,客户成功,5950.3,待审核,2023-12-11,46,OK
1493,王芳工程师,数据平台,14470.85,阻塞,2023-03-27,69,"客户反馈：希望增加导出功能；
预计下个迭代交付。"
1494,Alan数据分析师,财务部,41057.84,已取消,2024-07-07,71,"多行备注第一行
第二行补充说明
第三行是结论。"
1495,张伟工程师,安全合规,5901.28,阻塞,2023-09-13,63,常规任务，按计划推进。
1496,李娜运维,财务部,6091.0,已完成,2023-05-24,16,"客户反馈：希望增加导出功能；
预计下个迭代交付。"
1497,Linus经理,市场部,41823.31,已取消,2023-02-03,65,"客户反馈：希望增加导出功能；
预计下个迭代交付。"
1498,张伟工程师,客户成功,42361.32,阻塞,2023-02-24,76,"客户反馈：希望增加导出功能；
预计下个迭代交付。"
1499,刘洋顾问,安全合规,19048.54,已取消,2024-09-24,3,"需要与跨部门协同，
优先级 P1。"
1500,陈杰实习生,市场部,9485.56,阻塞,2024-07-10,55,常规任务，按计划推进。
1501,刘洋经理,数据平台,17535.11,已取消,2025-09-17,32,"客户反馈：希望增加导出功能；
预计下个迭代交付。"
1502,张伟实习生,客户成功,22714.03,已取消,2025-12-04,58,"多行备注第一行
第二行补充说明
第三行是结论。"
1503,吴婷工程师,人力资源,39704.26,待审核,2024-08-19,14,"需要与跨部门协同，
优先级 P1。"
1504,杨静设计师,安全合规,33346.12,进行中,2023-09-06,27,"客户反馈：希望增加导出功能；
预计下个迭代交付。"
1505,吴婷数据分析师,研发中心,11359.88,阻塞,2024-09-24,73,"多行备注第一行
第二行补充说明
第三行是结论。"
1506,张伟实习生,财务部,23533.64,已取消,2023-01-11,89,OK
1507,吴婷经理,安全合规,5250.73,已完成,2025-08-18,64,"需要与跨部门协同，
优先级 P1。"
1508,Linus数据分析师,财务部,25761.74,待审核,2025-09-28,95,常规任务，按计划推进。
1509,Margaret产品经理,人力资源,36466.5,待审核,2023-01-06,67,常规任务，按计划推进。
1510,李娜数据分析师,人力资源,44138.71,进行中,2023-07-16,22,OK
1511,黄敏设计师,客户成功,44339.68,待审核,2024-01-10,16,"客户反馈：希望增加导出功能；
预计下个迭代交付。"
1512,陈杰运维,数据平台,19507.38,已取消,2025-11-06,19,"需要与跨部门协同，
优先级 P1。"
1513,周勇数据分析师,安全合规,32629.99,已取消,2025-10-09,61,"客户反馈：希望增加导出功能；
预计下个迭代交付。"
1514,刘洋测试,客户成功,37405.86,已完成,2023-09-23,61,常规任务，按计划推进。
1515,杨静经理,市场部,11765.71,进行中,2023-05-23,25,"多行备注第一行
第二行补充说明
第三行是结论。"
1516,Ada产品经理,数据平台,25636.71,进行中,2023-10-15,77,"多行备注第一行
第二行补充说明
第三行是结论。"
1517,王芳测试,客户成功,30162.02,已完成,2024-11-01,25,"需要与跨部门协同，
优先级 P1。"
1518,陈杰经理,数据平台,37819.54,已取消,2025-07-09,72,OK
1519,Linus数据分析师,研发中心,31668.76,进行中,2025-04-09,23,"需要与跨部门协同，
优先级 P1。"
1520,吴婷产品经理,市场部,40859.8,阻塞,2025-07-11,74,OK
1521,吴婷运维,安全合规,38176.95,阻塞,2025-08-07,22,常规任务，按计划推进。
1522,Grace数据分析师,市场部,9110.22,阻塞,2023-03-06,61,常规任务，按计划推进。
1523,杨静产品经理,研发中心,11163.87,待审核,2024-11-16,42,"需要与跨部门协同，
优先级 P1。"
1524,周勇产品经理,市场部,30206.53,待审核,2024-12-16,46,"需要与跨部门协同，
优先级 P1。"
1525,Alan架构师,财务部,28880.85,阻塞,2023-03-21,36,"多行备注第一行
第二行补充说明
第三行是结论。"
1526,Alan经理,数据平台,24874.11,已取消,2025-02-18,56,"需要与跨部门协同，
优先级 P1。"
1527,李娜工程师,安全合规,21455.92,待审核,2025-06-24,55,"多行备注第一行
第二行补充说明
第三行是结论。"
1528,吴婷架构师,市场部,22210.58,已完成,2025-01-07,57,"需要与跨部门协同，
优先级 P1。"
1529,周勇数据分析师,研发中心,31378.48,已取消,2023-06-09,65,常规任务，按计划推进。
1530,吴婷运维,研发中心,34124.82,待审核,2024-01-23,91,"需要与跨部门协同，
优先级 P1。"
1531,陈杰工程师,数据平台,42049.66,待审核,2025-11-15,63,"多行备注第一行
第二行补充说明
第三行是结论。"
1532,黄敏架构师,安全合规,9674.93,已取消,2023-10-23,20,"多行备注第一行
第二行补充说明
第三行是结论。"
1533,Alan设计师,研发中心,23880.77,进行中,2023-08-21,91,常规任务，按计划推进。
1534,杨静产品经理,安全合规,29483.76,已完成,2025-10-24,3,"需要与跨部门协同，
优先级 P1。"
1535,Alan测试,客户成功,12614.61,阻塞,2025-06-17,2,"客户反馈：希望增加导出功能；
预计下个迭代交付。"
1536,赵磊工程师,研发中心,13682.3,阻塞,2023-12-09,11,"多行备注第一行
第二行补充说明
第三行是结论。"
1537,黄敏工程师,财务部,32383.81,阻塞,2024-03-21,96,常规任务，按计划推进。
1538,陈杰运维,数据平台,20780.82,已取消,2024-10-27,90,常规任务，按计划推进。
1539,吴婷实习生,研发中心,10231.78,进行中,2023-12-03,24,"需要与跨部门协同，
优先级 P1。"
1540,吴婷工程师,安全合规,12620.11,进行中,2023-11-12,59,常规任务，按计划推进。
1541,Margaret数据分析师,财务部,42678.87,已完成,2025-12-05,40,常规任务，按计划推进。
1542,赵磊运维,市场部,17553.35,阻塞,2024-07-08,25,"需要与跨部门协同，
优先级 P1。"
1543,Margaret数据分析师,市场部,49067.52,已取消,2025-08-09,12,"客户反馈：希望增加导出功能；
预计下个迭代交付。"
1544,杨静顾问,财务部,20698.66,阻塞,2024-11-22,22,常规任务，按计划推进。
1545,Alan顾问,人力资源,12006.69,阻塞,2023-12-14,45,"需要与跨部门协同，
优先级 P1。"
1546,刘洋测试,客户成功,48582.07,阻塞,2025-05-03,66,"多行备注第一行
第二行补充说明
第三行是结论。"
1547,陈杰数据分析师,人力资源,16738.07,进行中,2025-11-21,24,"客户反馈：希望增加导出功能；
预计下个迭代交付。"
1548,李娜实习生,数据平台,19534.59,阻塞,2024-11-19,5,"需要与跨部门协同，
优先级 P1。"
1549,Ada产品经理,客户成功,21149.79,进行中,2023-07-16,43,"需要与跨部门协同，
优先级 P1。"
1550,Linus产品经理,市场部,46091.7,已取消,2023-08-18,24,常规任务，按计划推进。
1551,黄敏顾问,人力资源,31710.86,待审核,2025-07-16,32,"需要与跨部门协同，
优先级 P1。"
1552,Ada测试,数据平台,20204.52,待审核,2024-01-08,98,OK
1553,王芳经理,人力资源,39833.26,阻塞,2024-10-01,21,OK
1554,李娜运维,数据平台,48435.6,阻塞,2023-10-25,18,"多行备注第一行
第二行补充说明
第三行是结论。"
1555,Linus测试,安全合规,48196.1,进行中,2024-03-26,45,"客户反馈：希望增加导出功能；
预计下个迭代交付。"
1556,赵磊设计师,人力资源,5037.94,已完成,2023-03-10,40,常规任务，按计划推进。
1557,李娜数据分析师,安全合规,14149.49,进行中,2025-04-05,88,OK
1558,Alan测试,研发中心,26480.48,已取消,2023-08-18,88,"客户反馈：希望增加导出功能；
预计下个迭代交付。"
1559,Ada数据分析师,人力资源,35079.66,待审核,2025-04-25,13,"客户反馈：希望增加导出功能；
预计下个迭代交付。"
1560,李娜测试,安全合规,47086.81,待审核,2024-05-27,87,"客户反馈：希望增加导出功能；
预计下个迭代交付。"
1561,吴婷经理,数据平台,8224.56,待审核,2025-12-19,4,"多行备注第一行
第二行补充说明
第三行是结论。"
1562,Margaret顾问,市场部,39552.98,已取消,2024-06-17,1,OK
1563,吴婷经理,研发中心,34050.98,已完成,2024-04-02,28,"需要与跨部门协同，
优先级 P1。"
1564,赵磊产品经理,财务部,22282.99,已完成,2024-03-10,40,"客户反馈：希望增加导出功能；
预计下个迭代交付。"
1565,Linus实习生,研发中心,16745.88,待审核,2023-03-13,88,OK
1566,Alan产品经理,人力资源,41280.3,已取消,2025-12-04,84,"客户反馈：希望增加导出功能；
预计下个迭代交付。"
1567,Grace工程师,市场部,19356.16,阻塞,2025-07-22,59,常规任务，按计划推进。
1568,黄敏经理,人力资源,39711.18,已取消,2024-05-24,82,常规任务，按计划推进。
1569,吴婷实习生,数据平台,21777.14,待审核,2025-06-28,69,"需要与跨部门协同，
优先级 P1。"
1570,王芳设计师,人力资源,28927.02,待审核,2025-02-05,1,"需要与跨部门协同，
优先级 P1。"
1571,Margaret顾问,财务部,13892.59,阻塞,2025-08-14,7,"客户反馈：希望增加导出功能；
预计下个迭代交付。"
1572,陈杰工程师,研发中心,44055.35,待审核,2024-01-20,88,"需要与跨部门协同，
优先级 P1。"
1573,陈杰经理,财务部,35374.83,进行中,2025-05-06,38,"需要与跨部门协同，
优先级 P1。"
1574,赵磊工程师,人力资源,19608.46,进行中,2025-02-12,94,常规任务，按计划推进。
1575,周勇经理,市场部,12885.51,阻塞,2023-03-24,19,"客户反馈：希望增加导出功能；
预计下个迭代交付。"
1576,赵磊运维,财务部,48733.37,阻塞,2023-12-27,68,OK
1577,黄敏工程师,研发中心,19696.48,进行中,2023-10-24,82,常规任务，按计划推进。
1578,赵磊架构师,客户成功,8544.42,已取消,2024-07-01,24,"需要与跨部门协同，
优先级 P1。"
1579,Ada产品经理,安全合规,46055.6,进行中,2023-10-09,39,OK
1580,周勇架构师,安全合规,40717.56,进行中,2024-10-16,28,"客户反馈：希望增加导出功能；
预计下个迭代交付。"
1581,陈杰设计师,财务部,27570.34,进行中,2025-07-06,87,"需要与跨部门协同，
优先级 P1。"
1582,陈杰工程师,人力资源,14321.14,待审核,2025-03-09,35,"客户反馈：希望增加导出功能；
预计下个迭代交付。"
1583,吴婷测试,研发中心,14959.57,进行中,2025-06-08,9,OK
1584,陈杰顾问,安全合规,25728.99,待审核,2025-10-11,70,"客户反馈：希望增加导出功能；
预计下个迭代交付。"
1585,黄敏架构师,研发中心,20432.78,已取消,2024-08-05,60,"客户反馈：希望增加导出功能；
预计下个迭代交付。"
1586,刘洋架构师,客户成功,12650.6,待审核,2024-07-02,85,OK
1587,王芳实习生,数据平台,49322.62,进行中,2023-12-17,48,"需要与跨部门协同，
优先级 P1。"
1588,陈杰测试,人力资源,35352.56,进行中,2023-10-19,22,OK
1589,杨静顾问,人力资源,23692.68,进行中,2024-09-24,63,"多行备注第一行
第二行补充说明
第三行是结论。"
1590,赵磊架构师,市场部,22029.3,进行中,2023-07-07,28,常规任务，按计划推进。
1591,吴婷运维,市场部,43920.2,待审核,2025-07-12,97,"多行备注第一行
第二行补充说明
第三行是结论。"
1592,赵磊顾问,财务部,19373.16,已取消,2025-02-22,88,"需要与跨部门协同，
优先级 P1。"
1593,周勇架构师,数据平台,22647.8,待审核,2024-08-10,58,"多行备注第一行
第二行补充说明
第三行是结论。"
1594,Margaret设计师,人力资源,17978.35,阻塞,2024-08-21,23,常规任务，按计划推进。
1595,赵磊顾问,客户成功,23814.5,待审核,2024-04-21,4,OK
1596,刘洋设计师,数据平台,32896.41,进行中,2025-10-24,53,常规任务，按计划推进。
1597,杨静顾问,市场部,12490.65,待审核,2025-02-12,3,OK
1598,Margaret经理,数据平台,28010.1,已完成,2023-08-12,93,"多行备注第一行
第二行补充说明
第三行是结论。"
1599,李娜实习生,客户成功,46462.36,已取消,2023-05-03,4,"多行备注第一行
第二行补充说明
第三行是结论。"
1600,吴婷实习生,人力资源,16027.11,阻塞,2024-04-26,23,"客户反馈：希望增加导出功能；
预计下个迭代交付。"
1601,周勇产品经理,安全合规,32180.31,已取消,2023-04-15,93,常规任务，按计划推进。
1602,张伟工程师,客户成功,35459.26,阻塞,2024-07-03,54,"需要与跨部门协同，
优先级 P1。"
1603,Margaret架构师,研发中心,37210.77,阻塞,2025-09-23,4,"客户反馈：希望增加导出功能；
预计下个迭代交付。"
1604,黄敏工程师,财务部,41524.81,进行中,2024-07-23,66,"客户反馈：希望增加导出功能；
预计下个迭代交付。"
1605,赵磊产品经理,研发中心,11569.27,已取消,2025-02-24,22,"需要与跨部门协同，
优先级 P1。"
1606,赵磊测试,市场部,46083.86,待审核,2023-05-04,43,常规任务，按计划推进。
1607,黄敏实习生,安全合规,16012.78,已取消,2024-05-23,57,"需要与跨部门协同，
优先级 P1。"
1608,Grace实习生,客户成功,16606.48,已取消,2025-01-25,18,"多行备注第一行
第二行补充说明
第三行是结论。"
1609,周勇运维,研发中心,14945.97,已取消,2025-06-23,38,"需要与跨部门协同，
优先级 P1。"
1610,Ada设计师,数据平台,33525.26,待审核,2025-08-22,38,"多行备注第一行
第二行补充说明
第三行是结论。"
1611,Ada设计师,市场部,32335.22,待审核,2024-11-08,4,"多行备注第一行
第二行补充说明
第三行是结论。"
1612,吴婷运维,市场部,31290.56,已取消,2024-12-17,96,OK
1613,赵磊实习生,数据平台,45500.18,已取消,2025-03-19,65,"需要与跨部门协同，
优先级 P1。"
1614,周勇测试,人力资源,43943.39,待审核,2025-03-28,68,"客户反馈：希望增加导出功能；
预计下个迭代交付。"
1615,李娜实习生,人力资源,5640.47,进行中,2024-04-10,27,"多行备注第一行
第二行补充说明
第三行是结论。"
1616,李娜运维,数据平台,40010.65,进行中,2025-04-12,64,"客户反馈：希望增加导出功能；
预计下个迭代交付。"
1617,吴婷工程师,安全合规,38581.55,阻塞,2023-12-07,47,常规任务，按计划推进。
1618,赵磊产品经理,财务部,27833.74,已取消,2025-09-28,95,OK
1619,Alan产品经理,安全合规,7518.87,阻塞,2025-04-08,33,"多行备注第一行
第二行补充说明
第三行是结论。"
1620,Ada数据分析师,市场部,36033.69,待审核,2023-01-20,35,OK
1621,陈杰产品经理,客户成功,13550.64,进行中,2023-09-10,8,"多行备注第一行
第二行补充说明
第三行是结论。"
1622,刘洋数据分析师,数据平台,39275.62,待审核,2024-02-18,7,"需要与跨部门协同，
优先级 P1。"
1623,Grace产品经理,市场部,26523.46,待审核,2023-08-07,13,OK
1624,吴婷数据分析师,数据平台,26925.38,阻塞,2023-10-14,15,"客户反馈：希望增加导出功能；
预计下个迭代交付。"
1625,Grace数据分析师,数据平台,41259.46,阻塞,2024-01-09,97,"客户反馈：希望增加导出功能；
预计下个迭代交付。"
1626,吴婷运维,人力资源,33400.77,已取消,2025-08-17,37,"需要与跨部门协同，
优先级 P1。"
1627,陈杰架构师,市场部,20351.4,阻塞,2025-05-21,57,常规任务，按计划推进。
1628,Grace设计师,人力资源,5293.28,阻塞,2024-08-06,23,常规任务，按计划推进。
1629,Grace经理,客户成功,18708.84,待审核,2024-11-22,69,"多行备注第一行
第二行补充说明
第三行是结论。"
1630,刘洋产品经理,安全合规,15431.13,已取消,2025-05-11,99,OK
1631,黄敏产品经理,客户成功,18502.76,阻塞,2023-10-22,20,"需要与跨部门协同，
优先级 P1。"
1632,李娜数据分析师,安全合规,22830.8,已完成,2023-10-22,21,"需要与跨部门协同，
优先级 P1。"
1633,周勇实习生,客户成功,31785.33,待审核,2025-05-08,34,"客户反馈：希望增加导出功能；
预计下个迭代交付。"
1634,Margaret运维,财务部,11524.39,已取消,2025-06-27,96,"需要与跨部门协同，
优先级 P1。"
1635,黄敏运维,人力资源,30347.89,待审核,2023-07-02,53,"需要与跨部门协同，
优先级 P1。"
1636,Linus设计师,人力资源,39517.19,进行中,2025-04-07,85,"需要与跨部门协同，
优先级 P1。"
1637,陈杰测试,研发中心,19483.06,待审核,2024-09-18,95,"多行备注第一行
第二行补充说明
第三行是结论。"
1638,Grace数据分析师,数据平台,27632.45,已取消,2023-02-08,21,"需要与跨部门协同，
优先级 P1。"
1639,Ada实习生,客户成功,31682.31,进行中,2025-07-23,91,"客户反馈：希望增加导出功能；
预计下个迭代交付。"
1640,刘洋运维,数据平台,31375.15,进行中,2023-01-21,44,"需要与跨部门协同，
优先级 P1。"
1641,周勇测试,人力资源,46562.27,进行中,2024-03-24,10,"需要与跨部门协同，
优先级 P1。"
1642,Grace经理,安全合规,11829.77,已完成,2025-05-19,26,OK
1643,王芳实习生,市场部,19752.9,阻塞,2025-05-18,68,"需要与跨部门协同，
优先级 P1。"
1644,Ada工程师,市场部,39744.53,进行中,2025-12-24,41,"需要与跨部门协同，
优先级 P1。"
1645,Margaret实习生,客户成功,44806.33,已完成,2024-08-08,59,"需要与跨部门协同，
优先级 P1。"
1646,杨静数据分析师,客户成功,48714.74,已取消,2024-10-24,3,"多行备注第一行
第二行补充说明
第三行是结论。"
1647,王芳经理,人力资源,22833.86,待审核,2023-09-02,66,"需要与跨部门协同，
优先级 P1。"
1648,张伟顾问,人力资源,49804.45,阻塞,2024-09-16,37,OK
1649,杨静产品经理,客户成功,8399.87,进行中,2025-02-18,21,OK
1650,Alan产品经理,数据平台,46512.36,阻塞,2025-04-25,10,"客户反馈：希望增加导出功能；
预计下个迭代交付。"
1651,Alan运维,人力资源,25307.99,已完成,2025-06-03,24,OK
1652,杨静实习生,数据平台,40150.08,待审核,2023-07-19,38,常规任务，按计划推进。
1653,吴婷经理,研发中心,5384.21,已取消,2024-03-09,29,OK
1654,Linus测试,数据平台,25598.9,已完成,2025-06-23,74,"多行备注第一行
第二行补充说明
第三行是结论。"
1655,刘洋设计师,市场部,18881.67,进行中,2023-09-20,6,"多行备注第一行
第二行补充说明
第三行是结论。"
1656,周勇测试,研发中心,19735.75,已取消,2023-11-07,26,"需要与跨部门协同，
优先级 P1。"
1657,李娜经理,财务部,15484.05,已完成,2024-01-05,57,常规任务，按计划推进。
1658,Alan经理,研发中心,24977.86,已完成,2024-01-15,57,"客户反馈：希望增加导出功能；
预计下个迭代交付。"
1659,刘洋数据分析师,安全合规,22122.72,进行中,2023-03-17,75,OK
1660,王芳设计师,安全合规,14433.71,待审核,2025-10-12,96,"需要与跨部门协同，
优先级 P1。"
1661,赵磊数据分析师,市场部,49331.84,阻塞,2024-08-09,66,常规任务，按计划推进。
1662,黄敏工程师,研发中心,22101.31,待审核,2024-02-12,47,"需要与跨部门协同，
优先级 P1。"
1663,Alan产品经理,人力资源,47567.33,已取消,2023-12-03,84,"客户反馈：希望增加导出功能；
预计下个迭代交付。"
1664,Margaret实习生,研发中心,47808.91,已取消,2025-11-11,6,"多行备注第一行
第二行补充说明
第三行是结论。"
1665,Alan数据分析师,市场部,30406.07,已完成,2025-03-05,89,"客户反馈：希望增加导出功能；
预计下个迭代交付。"
1666,Grace工程师,研发中心,31829.2,已完成,2025-11-10,48,OK
1667,赵磊设计师,人力资源,12758.9,阻塞,2023-12-26,86,"多行备注第一行
第二行补充说明
第三行是结论。"
1668,杨静产品经理,安全合规,12306.82,待审核,2023-05-13,81,"需要与跨部门协同，
优先级 P1。"
1669,Margaret运维,数据平台,19448.27,进行中,2024-01-16,5,"多行备注第一行
第二行补充说明
第三行是结论。"
1670,Margaret经理,研发中心,29276.37,阻塞,2025-09-06,21,常规任务，按计划推进。
1671,张伟测试,市场部,9145.58,进行中,2023-08-15,54,OK
1672,黄敏设计师,安全合规,32147.2,进行中,2024-08-16,33,"多行备注第一行
第二行补充说明
第三行是结论。"
1673,杨静架构师,财务部,48060.74,进行中,2024-08-24,74,"多行备注第一行
第二行补充说明
第三行是结论。"
1674,李娜数据分析师,数据平台,10841.34,已完成,2023-11-03,96,常规任务，按计划推进。
1675,Ada经理,财务部,44911.31,进行中,2023-04-09,24,"需要与跨部门协同，
优先级 P1。"
1676,杨静实习生,客户成功,31585.31,阻塞,2025-05-25,17,"需要与跨部门协同，
优先级 P1。"
1677,赵磊测试,客户成功,11534.94,进行中,2025-07-21,7,"多行备注第一行
第二行补充说明
第三行是结论。"
1678,李娜工程师,市场部,33558.38,已完成,2023-07-11,2,OK
1679,黄敏实习生,安全合规,20475.58,阻塞,2024-08-07,59,OK
1680,陈杰架构师,人力资源,10301.86,已取消,2025-09-11,44,"多行备注第一行
第二行补充说明
第三行是结论。"
1681,陈杰测试,安全合规,44238.7,阻塞,2024-11-04,86,"需要与跨部门协同，
优先级 P1。"
1682,Grace架构师,财务部,7840.3,已取消,2024-11-01,70,"多行备注第一行
第二行补充说明
第三行是结论。"
1683,王芳数据分析师,人力资源,42353.51,进行中,2025-12-10,17,"需要与跨部门协同，
优先级 P1。"
1684,陈杰实习生,人力资源,29898.43,进行中,2025-03-13,66,"多行备注第一行
第二行补充说明
第三行是结论。"
1685,李娜数据分析师,安全合规,5752.37,已取消,2025-10-25,20,OK
1686,Alan架构师,数据平台,7114.78,阻塞,2024-09-08,89,OK
1687,李娜测试,市场部,9506.21,已完成,2025-11-28,80,"多行备注第一行
第二行补充说明
第三行是结论。"
1688,Alan设计师,数据平台,47398.64,阻塞,2024-04-09,7,"客户反馈：希望增加导出功能；
预计下个迭代交付。"
1689,陈杰经理,数据平台,48740.4,待审核,2024-06-05,93,"需要与跨部门协同，
优先级 P1。"
1690,张伟产品经理,财务部,36875.35,已取消,2023-12-20,77,常规任务，按计划推进。
1691,张伟经理,市场部,11470.62,已完成,2023-07-26,21,"客户反馈：希望增加导出功能；
预计下个迭代交付。"
1692,赵磊顾问,市场部,16185.8,已取消,2023-04-09,18,"客户反馈：希望增加导出功能；
预计下个迭代交付。"
1693,王芳顾问,客户成功,11833.08,待审核,2023-11-09,98,"需要与跨部门协同，
优先级 P1。"
1694,张伟产品经理,数据平台,19002.23,进行中,2025-10-16,30,"客户反馈：希望增加导出功能；
预计下个迭代交付。"
1695,陈杰产品经理,数据平台,38431.03,待审核,2023-02-25,93,"需要与跨部门协同，
优先级 P1。"
1696,Margaret运维,研发中心,22167.58,已取消,2023-11-15,55,OK
1697,李娜实习生,安全合规,18099.81,阻塞,2023-02-24,78,OK
1698,Alan测试,市场部,44121.26,待审核,2025-07-14,8,常规任务，按计划推进。
1699,Alan运维,安全合规,37582.36,已取消,2024-11-17,43,"客户反馈：希望增加导出功能；
预计下个迭代交付。"
1700,Linus运维,财务部,8739.2,进行中,2025-08-08,75,"客户反馈：希望增加导出功能；
预计下个迭代交付。"
1701,刘洋顾问,人力资源,34953.28,进行中,2025-08-18,78,OK
1702,赵磊顾问,数据平台,44167.71,待审核,2023-10-04,76,常规任务，按计划推进。
1703,吴婷产品经理,研发中心,48502.83,已完成,2024-10-22,91,OK
1704,赵磊经理,客户成功,38493.94,已取消,2025-08-28,59,OK
1705,Alan架构师,研发中心,47308.87,待审核,2025-01-07,73,"多行备注第一行
第二行补充说明
第三行是结论。"
1706,张伟测试,研发中心,18152.46,待审核,2023-12-15,33,"需要与跨部门协同，
优先级 P1。"
1707,Alan测试,财务部,48811.08,已完成,2024-08-26,7,"需要与跨部门协同，
优先级 P1。"
1708,黄敏运维,安全合规,40713.85,已完成,2025-09-21,42,"客户反馈：希望增加导出功能；
预计下个迭代交付。"
1709,Grace测试,安全合规,41696.13,待审核,2023-06-12,79,OK
1710,Ada数据分析师,财务部,42290.74,进行中,2025-02-21,52,"需要与跨部门协同，
优先级 P1。"
1711,吴婷实习生,客户成功,13378.65,待审核,2023-05-28,91,"客户反馈：希望增加导出功能；
预计下个迭代交付。"
1712,杨静测试,安全合规,24699.61,已取消,2023-03-11,3,常规任务，按计划推进。
1713,刘洋顾问,财务部,45897.36,阻塞,2024-09-18,23,"客户反馈：希望增加导出功能；
预计下个迭代交付。"
1714,吴婷产品经理,市场部,9201.37,阻塞,2025-07-28,34,"多行备注第一行
第二行补充说明
第三行是结论。"
1715,Ada测试,数据平台,20920.98,已完成,2024-02-28,95,"需要与跨部门协同，
优先级 P1。"
1716,吴婷顾问,研发中心,19572.63,已完成,2024-01-08,71,"多行备注第一行
第二行补充说明
第三行是结论。"
1717,Linus运维,研发中心,27252.18,已完成,2023-04-15,83,"多行备注第一行
第二行补充说明
第三行是结论。"
1718,李娜工程师,财务部,15965.61,进行中,2025-08-27,57,"客户反馈：希望增加导出功能；
预计下个迭代交付。"
1719,周勇架构师,数据平台,13650.76,已完成,2025-10-13,81,OK
1720,Margaret经理,客户成功,16767.15,已取消,2024-07-12,47,"多行备注第一行
第二行补充说明
第三行是结论。"
1721,杨静架构师,财务部,8466.82,已完成,2024-12-08,69,OK
1722,李娜产品经理,安全合规,49347.69,待审核,2025-06-04,78,"多行备注第一行
第二行补充说明
第三行是结论。"
1723,Ada测试,客户成功,36596.5,阻塞,2023-08-09,74,常规任务，按计划推进。
1724,黄敏顾问,人力资源,27370.98,待审核,2023-03-01,72,"客户反馈：希望增加导出功能；
预计下个迭代交付。"
1725,周勇工程师,财务部,26448.19,已完成,2023-11-12,9,"需要与跨部门协同，
优先级 P1。"
1726,吴婷运维,客户成功,6240.96,阻塞,2024-07-23,98,"多行备注第一行
第二行补充说明
第三行是结论。"
1727,赵磊数据分析师,客户成功,25345.03,阻塞,2025-11-10,43,"多行备注第一行
第二行补充说明
第三行是结论。"
1728,吴婷架构师,人力资源,11490.49,阻塞,2025-10-11,1,OK
1729,张伟测试,数据平台,10385.75,进行中,2025-02-17,53,"多行备注第一行
第二行补充说明
第三行是结论。"
1730,Ada数据分析师,市场部,49090.19,已完成,2023-01-21,64,常规任务，按计划推进。
1731,杨静产品经理,研发中心,47576.62,阻塞,2025-11-13,53,"客户反馈：希望增加导出功能；
预计下个迭代交付。"
1732,Ada实习生,市场部,43126.95,已完成,2023-05-12,23,"客户反馈：希望增加导出功能；
预计下个迭代交付。"
1733,Margaret运维,人力资源,9083.05,已取消,2024-04-08,45,常规任务，按计划推进。
1734,杨静实习生,安全合规,9231.25,已取消,2023-10-02,72,常规任务，按计划推进。
1735,Linus测试,研发中心,12583.09,阻塞,2023-01-11,50,"需要与跨部门协同，
优先级 P1。"
1736,张伟顾问,数据平台,21867.62,进行中,2023-04-21,80,"客户反馈：希望增加导出功能；
预计下个迭代交付。"
1737,李娜架构师,市场部,48909.85,进行中,2025-03-20,48,OK
1738,李娜实习生,客户成功,43068.79,已完成,2025-03-27,57,常规任务，按计划推进。
1739,吴婷工程师,数据平台,44970.51,进行中,2024-05-04,45,"多行备注第一行
第二行补充说明
第三行是结论。"
1740,吴婷架构师,市场部,45510.38,待审核,2023-10-05,79,"需要与跨部门协同，
优先级 P1。"
1741,黄敏架构师,安全合规,22498.06,待审核,2023-11-18,9,"需要与跨部门协同，
优先级 P1。"
1742,刘洋测试,市场部,15775.31,待审核,2023-07-02,46,常规任务，按计划推进。
1743,Margaret实习生,安全合规,42962.06,阻塞,2023-09-03,85,"需要与跨部门协同，
优先级 P1。"
1744,Margaret架构师,数据平台,30878.91,阻塞,2025-07-25,70,"多行备注第一行
第二行补充说明
第三行是结论。"
1745,陈杰测试,市场部,25155.71,已完成,2024-11-14,52,"客户反馈：希望增加导出功能；
预计下个迭代交付。"
1746,赵磊产品经理,人力资源,6072.54,进行中,2024-09-16,79,"客户反馈：希望增加导出功能；
预计下个迭代交付。"
1747,陈杰实习生,安全合规,39683.33,进行中,2025-01-07,12,"需要与跨部门协同，
优先级 P1。"
1748,Margaret顾问,客户成功,45512.44,阻塞,2023-11-11,95,常规任务，按计划推进。
1749,周勇工程师,研发中心,48504.57,待审核,2023-06-18,7,"客户反馈：希望增加导出功能；
预计下个迭代交付。"
1750,Ada架构师,数据平台,43214.94,阻塞,2024-11-23,6,"多行备注第一行
第二行补充说明
第三行是结论。"
1751,王芳实习生,市场部,45156.02,已取消,2023-12-07,64,"多行备注第一行
第二行补充说明
第三行是结论。"
1752,吴婷顾问,研发中心,7035.52,待审核,2023-12-04,38,常规任务，按计划推进。
1753,Margaret数据分析师,客户成功,41613.7,已取消,2023-07-27,30,"需要与跨部门协同，
优先级 P1。"
1754,Margaret经理,研发中心,12016.8,阻塞,2023-10-22,34,"客户反馈：希望增加导出功能；
预计下个迭代交付。"
1755,Linus顾问,客户成功,43868.45,已取消,2023-11-24,35,"客户反馈：希望增加导出功能；
预计下个迭代交付。"
1756,Ada工程师,人力资源,42059.97,待审核,2024-04-27,100,"客户反馈：希望增加导出功能；
预计下个迭代交付。"
1757,陈杰顾问,研发中心,33194.17,待审核,2023-12-25,58,"多行备注第一行
第二行补充说明
第三行是结论。"
1758,Linus数据分析师,研发中心,33691.87,进行中,2023-08-03,24,OK
1759,杨静设计师,客户成功,16542.46,待审核,2024-09-10,37,OK
1760,陈杰产品经理,安全合规,10373.03,已完成,2023-09-28,64,"多行备注第一行
第二行补充说明
第三行是结论。"
1761,李娜架构师,研发中心,26103.06,进行中,2023-04-02,50,"多行备注第一行
第二行补充说明
第三行是结论。"
1762,王芳产品经理,市场部,24617.69,已取消,2024-12-05,57,OK
1763,Grace工程师,客户成功,47012.7,已完成,2023-12-11,6,OK
1764,张伟设计师,财务部,43676.94,已取消,2023-06-15,26,常规任务，按计划推进。
1765,赵磊经理,市场部,47606.96,阻塞,2023-04-06,81,"多行备注第一行
第二行补充说明
第三行是结论。"
1766,杨静实习生,研发中心,44210.18,进行中,2023-10-17,37,OK
1767,李娜设计师,数据平台,48387.94,进行中,2023-11-03,53,OK
1768,周勇工程师,数据平台,37421.71,已取消,2024-01-05,14,"多行备注第一行
第二行补充说明
第三行是结论。"
1769,张伟经理,研发中心,30322.02,待审核,2025-02-28,29,常规任务，按计划推进。
1770,吴婷架构师,研发中心,5890.7,待审核,2025-11-13,37,OK
1771,赵磊实习生,客户成功,15695.11,待审核,2025-05-12,82,"客户反馈：希望增加导出功能；
预计下个迭代交付。"
1772,黄敏设计师,人力资源,29140.46,已取消,2023-03-10,82,"多行备注第一行
第二行补充说明
第三行是结论。"
1773,赵磊运维,市场部,21563.51,进行中,2024-05-05,6,"客户反馈：希望增加导出功能；
预计下个迭代交付。"
1774,赵磊架构师,安全合规,15214.35,待审核,2023-11-12,27,"客户反馈：希望增加导出功能；
预计下个迭代交付。"
1775,赵磊经理,人力资源,38005.22,待审核,2024-08-12,44,"需要与跨部门协同，
优先级 P1。"
1776,Linus经理,市场部,37548.85,已完成,2023-04-23,25,OK
1777,刘洋顾问,财务部,45515.94,阻塞,2024-06-21,40,"多行备注第一行
第二行补充说明
第三行是结论。"
1778,赵磊设计师,人力资源,9889.26,待审核,2024-10-14,7,"多行备注第一行
第二行补充说明
第三行是结论。"
1779,刘洋测试,数据平台,45046.61,待审核,2025-07-06,57,常规任务，按计划推进。
1780,Ada数据分析师,人力资源,30532.68,已完成,2024-12-22,73,"多行备注第一行
第二行补充说明
第三行是结论。"
1781,Linus经理,数据平台,40183.65,已完成,2023-07-11,60,"多行备注第一行
第二行补充说明
第三行是结论。"
1782,Alan设计师,安全合规,46906.36,已取消,2025-10-17,95,常规任务，按计划推进。
1783,Linus产品经理,安全合规,7941.16,进行中,2023-01-11,12,"需要与跨部门协同，
优先级 P1。"
1784,Margaret测试,市场部,38461.29,已完成,2024-02-12,80,"需要与跨部门协同，
优先级 P1。"
1785,吴婷实习生,人力资源,20237.93,已完成,2024-05-04,72,"多行备注第一行
第二行补充说明
第三行是结论。"
1786,Margaret设计师,市场部,23683.36,阻塞,2025-07-06,72,OK
1787,Linus实习生,客户成功,49248.64,已完成,2023-11-05,57,常规任务，按计划推进。
1788,Grace工程师,市场部,44610.43,待审核,2024-08-06,99,常规任务，按计划推进。
1789,吴婷测试,人力资源,31320.1,已完成,2024-01-16,86,OK
1790,杨静测试,研发中心,44892.08,进行中,2023-03-20,39,"客户反馈：希望增加导出功能；
预计下个迭代交付。"
1791,Margaret设计师,研发中心,49680.36,已完成,2025-06-10,92,常规任务，按计划推进。
1792,杨静顾问,安全合规,27263.75,阻塞,2025-07-06,47,"需要与跨部门协同，
优先级 P1。"
1793,刘洋架构师,财务部,49191.64,进行中,2024-06-06,7,"多行备注第一行
第二行补充说明
第三行是结论。"
1794,Ada运维,财务部,25201.9,待审核,2024-01-09,96,"客户反馈：希望增加导出功能；
预计下个迭代交付。"
1795,Linus产品经理,财务部,29807.34,已完成,2025-01-24,74,常规任务，按计划推进。
1796,陈杰经理,市场部,45704.07,待审核,2024-01-23,87,"需要与跨部门协同，
优先级 P1。"
1797,Ada经理,财务部,21505.73,阻塞,2024-07-23,44,"多行备注第一行
第二行补充说明
第三行是结论。"
1798,杨静运维,数据平台,13680.65,已取消,2024-02-15,86,常规任务，按计划推进。
1799,Grace测试,安全合规,27895.61,进行中,2023-03-26,98,常规任务，按计划推进。
1800,刘洋产品经理,市场部,21802.47,已完成,2025-04-25,12,常规任务，按计划推进。
1801,张伟工程师,客户成功,41314.38,阻塞,2023-03-19,81,"客户反馈：希望增加导出功能；
预计下个迭代交付。"
1802,Linus测试,安全合规,34922.21,阻塞,2023-01-23,18,"多行备注第一行
第二行补充说明
第三行是结论。"
1803,Margaret产品经理,市场部,9126.67,进行中,2023-07-26,88,"多行备注第一行
第二行补充说明
第三行是结论。"
1804,刘洋工程师,客户成功,8573.54,已取消,2025-09-07,61,"多行备注第一行
第二行补充说明
第三行是结论。"
1805,Ada实习生,数据平台,36782.33,待审核,2024-12-22,76,常规任务，按计划推进。
1806,黄敏设计师,数据平台,5284.1,已完成,2023-05-05,70,OK
1807,刘洋产品经理,客户成功,39274.99,已完成,2023-06-25,30,"多行备注第一行
第二行补充说明
第三行是结论。"
1808,赵磊顾问,财务部,32069.93,阻塞,2025-05-07,55,"需要与跨部门协同，
优先级 P1。"
1809,Alan测试,客户成功,15834.68,进行中,2025-11-09,37,"多行备注第一行
第二行补充说明
第三行是结论。"
1810,王芳工程师,研发中心,27226.54,进行中,2025-07-03,87,"客户反馈：希望增加导出功能；
预计下个迭代交付。"
1811,张伟产品经理,财务部,31466.24,已取消,2025-11-20,87,常规任务，按计划推进。
1812,吴婷运维,客户成功,42787.63,待审核,2024-12-26,62,"需要与跨部门协同，
优先级 P1。"
1813,黄敏运维,安全合规,27008.94,阻塞,2025-04-08,76,"多行备注第一行
第二行补充说明
第三行是结论。"
1814,张伟测试,人力资源,25922.52,待审核,2024-07-15,60,"客户反馈：希望增加导出功能；
预计下个迭代交付。"
1815,李娜设计师,客户成功,38774.84,待审核,2023-03-26,41,"客户反馈：希望增加导出功能；
预计下个迭代交付。"
1816,Alan设计师,人力资源,21456.95,待审核,2025-03-05,76,"多行备注第一行
第二行补充说明
第三行是结论。"
1817,刘洋产品经理,研发中心,22608.12,已完成,2024-06-07,3,"客户反馈：希望增加导出功能；
预计下个迭代交付。"
1818,赵磊设计师,财务部,42340.02,阻塞,2024-04-07,63,OK
1819,Ada实习生,人力资源,24579.84,已完成,2024-11-02,46,常规任务，按计划推进。
1820,王芳测试,客户成功,26451.51,已取消,2023-04-17,64,"多行备注第一行
第二行补充说明
第三行是结论。"
1821,赵磊实习生,研发中心,48058.55,已完成,2024-11-10,88,OK
1822,赵磊顾问,研发中心,31960.21,阻塞,2024-06-24,48,"多行备注第一行
第二行补充说明
第三行是结论。"
1823,杨静顾问,人力资源,7840.62,待审核,2024-07-08,27,"需要与跨部门协同，
优先级 P1。"
1824,Ada数据分析师,安全合规,45614.93,待审核,2024-09-11,74,"需要与跨部门协同，
优先级 P1。"
1825,Ada数据分析师,市场部,48446.33,阻塞,2023-12-19,79,"多行备注第一行
第二行补充说明
第三行是结论。"
1826,Alan数据分析师,人力资源,30348.41,进行中,2024-09-04,50,"多行备注第一行
第二行补充说明
第三行是结论。"
1827,吴婷测试,研发中心,28815.6,待审核,2025-12-09,9,"客户反馈：希望增加导出功能；
预计下个迭代交付。"
1828,赵磊数据分析师,安全合规,39647.56,已完成,2024-01-16,32,"多行备注第一行
第二行补充说明
第三行是结论。"
1829,Linus工程师,财务部,21027.59,阻塞,2024-09-05,35,"需要与跨部门协同，
优先级 P1。"
1830,黄敏测试,数据平台,44744.61,已完成,2025-04-20,78,常规任务，按计划推进。
1831,陈杰工程师,客户成功,44814.73,阻塞,2025-05-08,49,"客户反馈：希望增加导出功能；
预计下个迭代交付。"
1832,Ada工程师,财务部,16744.45,已完成,2024-01-01,84,"客户反馈：希望增加导出功能；
预计下个迭代交付。"
1833,王芳测试,人力资源,39910.86,已完成,2024-11-13,72,"多行备注第一行
第二行补充说明
第三行是结论。"
1834,吴婷实习生,安全合规,19133.92,已取消,2024-05-07,91,OK
1835,黄敏运维,市场部,31391.62,已取消,2023-02-02,42,OK
1836,黄敏测试,市场部,19187.09,待审核,2025-01-21,56,"需要与跨部门协同，
优先级 P1。"
1837,赵磊设计师,财务部,32588.69,进行中,2025-05-11,73,OK
1838,张伟架构师,研发中心,37524.95,已完成,2024-02-03,18,"多行备注第一行
第二行补充说明
第三行是结论。"
1839,王芳架构师,市场部,47305.53,已完成,2023-06-12,44,常规任务，按计划推进。
1840,赵磊测试,安全合规,8130.94,待审核,2025-01-17,54,"客户反馈：希望增加导出功能；
预计下个迭代交付。"
1841,Ada设计师,数据平台,42028.07,已完成,2024-03-04,98,"需要与跨部门协同，
优先级 P1。"
1842,刘洋数据分析师,研发中心,34014.14,阻塞,2023-01-21,90,"多行备注第一行
第二行补充说明
第三行是结论。"
1843,黄敏工程师,研发中心,14855.04,已完成,2023-03-17,41,"需要与跨部门协同，
优先级 P1。"
1844,赵磊经理,研发中心,27961.11,已取消,2024-01-22,92,"客户反馈：希望增加导出功能；
预计下个迭代交付。"
1845,周勇产品经理,研发中心,14005.6,进行中,2023-04-19,63,常规任务，按计划推进。
1846,杨静产品经理,数据平台,44674.11,阻塞,2023-07-07,20,OK
1847,张伟顾问,财务部,16954.1,已取消,2025-07-06,26,OK
1848,陈杰测试,市场部,19717.61,已取消,2024-02-21,37,"客户反馈：希望增加导出功能；
预计下个迭代交付。"
1849,张伟实习生,数据平台,48548.06,阻塞,2024-04-06,15,常规任务，按计划推进。
1850,赵磊产品经理,客户成功,46988.76,已完成,2023-10-24,96,"需要与跨部门协同，
优先级 P1。"
1851,Alan数据分析师,数据平台,41803.71,已取消,2024-01-21,81,"多行备注第一行
第二行补充说明
第三行是结论。"
1852,吴婷运维,市场部,27999.47,已取消,2023-04-27,24,"需要与跨部门协同，
优先级 P1。"
1853,刘洋实习生,客户成功,22485.73,已取消,2024-07-20,97,"多行备注第一行
第二行补充说明
第三行是结论。"
1854,Margaret实习生,人力资源,30237.34,已取消,2025-04-03,79,常规任务，按计划推进。
1855,Margaret工程师,安全合规,6404.0,进行中,2023-05-01,39,"客户反馈：希望增加导出功能；
预计下个迭代交付。"
1856,赵磊顾问,市场部,9375.47,已取消,2023-11-07,55,"需要与跨部门协同，
优先级 P1。"
1857,王芳运维,人力资源,34413.17,已取消,2023-02-10,19,"需要与跨部门协同，
优先级 P1。"
1858,黄敏数据分析师,研发中心,46373.29,进行中,2024-03-01,15,常规任务，按计划推进。
1859,Ada数据分析师,人力资源,44140.63,阻塞,2025-09-09,35,常规任务，按计划推进。
1860,Ada顾问,人力资源,7847.77,已完成,2023-02-13,87,"客户反馈：希望增加导出功能；
预计下个迭代交付。"
1861,张伟工程师,人力资源,24461.94,待审核,2024-03-01,74,常规任务，按计划推进。
1862,Linus产品经理,安全合规,44436.91,已取消,2025-08-07,35,常规任务，按计划推进。
1863,Linus运维,安全合规,13463.14,待审核,2023-11-02,73,"客户反馈：希望增加导出功能；
预计下个迭代交付。"
1864,周勇实习生,安全合规,15418.44,进行中,2024-06-03,77,"需要与跨部门协同，
优先级 P1。"
1865,黄敏实习生,数据平台,12375.26,已取消,2025-09-18,19,"需要与跨部门协同，
优先级 P1。"
1866,Ada测试,人力资源,12828.32,待审核,2024-08-12,99,"需要与跨部门协同，
优先级 P1。"
1867,李娜实习生,客户成功,29402.09,已取消,2024-02-20,33,"多行备注第一行
第二行补充说明
第三行是结论。"
1868,杨静测试,客户成功,25994.98,阻塞,2025-03-02,44,OK
1869,Margaret设计师,数据平台,20374.24,已完成,2025-03-27,27,"客户反馈：希望增加导出功能；
预计下个迭代交付。"
1870,王芳经理,研发中心,49572.68,阻塞,2023-09-04,74,常规任务，按计划推进。
1871,陈杰架构师,客户成功,47403.04,已完成,2025-12-26,43,"客户反馈：希望增加导出功能；
预计下个迭代交付。"
1872,王芳测试,客户成功,42641.1,已取消,2025-07-17,85,"客户反馈：希望增加导出功能；
预计下个迭代交付。"
1873,刘洋顾问,财务部,38742.18,进行中,2023-11-21,59,"多行备注第一行
第二行补充说明
第三行是结论。"
1874,Alan数据分析师,客户成功,5026.83,阻塞,2023-08-05,10,"需要与跨部门协同，
优先级 P1。"
1875,刘洋经理,财务部,42135.44,阻塞,2025-02-27,25,常规任务，按计划推进。
1876,张伟工程师,财务部,10448.4,已完成,2025-02-03,33,"客户反馈：希望增加导出功能；
预计下个迭代交付。"
1877,王芳经理,财务部,34771.33,进行中,2025-10-10,44,"客户反馈：希望增加导出功能；
预计下个迭代交付。"
1878,杨静数据分析师,财务部,24283.57,阻塞,2024-11-20,76,常规任务，按计划推进。
1879,Linus实习生,研发中心,27499.77,已取消,2023-05-23,61,"客户反馈：希望增加导出功能；
预计下个迭代交付。"
1880,Grace架构师,安全合规,9410.31,阻塞,2025-06-22,63,常规任务，按计划推进。
1881,赵磊工程师,人力资源,39157.23,进行中,2024-05-18,12,常规任务，按计划推进。
1882,刘洋产品经理,人力资源,22093.3,已取消,2023-10-16,5,"需要与跨部门协同，
优先级 P1。"
1883,陈杰架构师,安全合规,36681.8,待审核,2023-10-14,13,常规任务，按计划推进。
1884,Linus设计师,数据平台,43822.25,进行中,2025-08-03,65,"多行备注第一行
第二行补充说明
第三行是结论。"
1885,黄敏运维,客户成功,30427.25,阻塞,2025-12-02,33,OK
1886,王芳架构师,人力资源,12826.34,待审核,2024-03-02,38,OK
1887,杨静经理,研发中心,35906.33,进行中,2023-08-16,32,常规任务，按计划推进。
1888,赵磊设计师,安全合规,21952.38,已取消,2023-04-11,88,OK
1889,Alan实习生,市场部,37122.26,进行中,2023-03-05,17,OK
1890,吴婷工程师,人力资源,27326.55,待审核,2023-12-17,89,"需要与跨部门协同，
优先级 P1。"
1891,Linus架构师,研发中心,23838.11,进行中,2024-07-18,90,"客户反馈：希望增加导出功能；
预计下个迭代交付。"
1892,王芳产品经理,研发中心,16824.9,已取消,2024-07-17,32,"多行备注第一行
第二行补充说明
第三行是结论。"
1893,王芳工程师,市场部,8886.99,已完成,2025-04-15,85,OK
1894,杨静架构师,财务部,26504.59,已完成,2025-07-04,72,常规任务，按计划推进。
1895,刘洋数据分析师,市场部,18515.44,待审核,2023-06-02,66,常规任务，按计划推进。
1896,王芳架构师,客户成功,16964.94,阻塞,2023-05-26,18,"需要与跨部门协同，
优先级 P1。"
1897,Margaret数据分析师,安全合规,26617.51,已完成,2023-11-16,62,"客户反馈：希望增加导出功能；
预计下个迭代交付。"
1898,刘洋产品经理,市场部,22453.59,阻塞,2023-03-22,17,OK
1899,李娜产品经理,人力资源,28102.31,进行中,2025-03-08,81,"客户反馈：希望增加导出功能；
预计下个迭代交付。"
1900,Alan测试,市场部,42258.9,待审核,2023-07-02,42,"客户反馈：希望增加导出功能；
预计下个迭代交付。"
1901,张伟数据分析师,客户成功,37692.29,已取消,2024-08-20,29,"多行备注第一行
第二行补充说明
第三行是结论。"
1902,黄敏顾问,安全合规,27929.63,待审核,2025-11-06,31,OK
1903,周勇运维,人力资源,39789.46,待审核,2025-01-14,9,OK
1904,王芳设计师,安全合规,33863.01,已取消,2024-07-09,60,"需要与跨部门协同，
优先级 P1。"
1905,陈杰架构师,数据平台,19718.95,已取消,2024-09-16,50,OK
1906,Ada架构师,客户成功,32234.22,阻塞,2023-08-11,12,"客户反馈：希望增加导出功能；
预计下个迭代交付。"
1907,杨静架构师,数据平台,32736.5,进行中,2024-11-09,35,"需要与跨部门协同，
优先级 P1。"
1908,吴婷架构师,市场部,19087.32,已取消,2023-10-07,45,"需要与跨部门协同，
优先级 P1。"
1909,刘洋测试,数据平台,35424.51,已取消,2024-10-14,86,"多行备注第一行
第二行补充说明
第三行是结论。"
1910,Grace顾问,安全合规,11267.5,已取消,2023-11-22,47,OK
1911,周勇测试,市场部,40911.38,阻塞,2025-03-04,93,"需要与跨部门协同，
优先级 P1。"
1912,Linus数据分析师,市场部,31915.91,已取消,2023-11-26,64,"需要与跨部门协同，
优先级 P1。"
1913,刘洋经理,人力资源,37266.87,阻塞,2024-09-11,19,"需要与跨部门协同，
优先级 P1。"
1914,吴婷产品经理,财务部,10599.32,待审核,2025-07-01,9,"多行备注第一行
第二行补充说明
第三行是结论。"
1915,Grace运维,人力资源,25464.23,阻塞,2025-05-17,73,"客户反馈：希望增加导出功能；
预计下个迭代交付。"
1916,刘洋运维,研发中心,49170.99,待审核,2025-02-16,56,"客户反馈：希望增加导出功能；
预计下个迭代交付。"
1917,杨静产品经理,市场部,13149.71,已取消,2023-01-28,9,"需要与跨部门协同，
优先级 P1。"
1918,王芳架构师,数据平台,17078.64,进行中,2025-11-14,27,常规任务，按计划推进。
1919,Margaret顾问,研发中心,5443.52,已取消,2025-12-09,37,"客户反馈：希望增加导出功能；
预计下个迭代交付。"
1920,刘洋数据分析师,市场部,32824.04,阻塞,2024-09-12,31,"多行备注第一行
第二行补充说明
第三行是结论。"
1921,张伟架构师,数据平台,19252.3,已完成,2023-07-07,70,OK
1922,张伟设计师,研发中心,30705.81,阻塞,2024-08-04,13,"多行备注第一行
第二行补充说明
第三行是结论。"
1923,Alan经理,市场部,15891.1,阻塞,2023-03-08,36,常规任务，按计划推进。
1924,张伟数据分析师,客户成功,18882.24,阻塞,2025-07-15,28,"多行备注第一行
第二行补充说明
第三行是结论。"
1925,王芳产品经理,人力资源,37059.13,待审核,2023-12-13,79,"客户反馈：希望增加导出功能；
预计下个迭代交付。"
1926,张伟架构师,安全合规,17227.55,待审核,2024-09-11,42,常规任务，按计划推进。
1927,黄敏架构师,数据平台,22455.53,待审核,2025-04-12,19,常规任务，按计划推进。
1928,吴婷经理,市场部,40463.15,已完成,2023-06-12,52,"需要与跨部门协同，
优先级 P1。"
1929,刘洋运维,市场部,22074.98,待审核,2023-11-19,32,常规任务，按计划推进。
1930,黄敏工程师,人力资源,30724.54,已取消,2024-01-16,56,"客户反馈：希望增加导出功能；
预计下个迭代交付。"
1931,Margaret经理,研发中心,24681.31,已取消,2023-05-12,34,"客户反馈：希望增加导出功能；
预计下个迭代交付。"
1932,李娜设计师,市场部,43414.11,阻塞,2025-09-26,26,常规任务，按计划推进。
1933,赵磊测试,研发中心,39231.96,进行中,2025-03-03,79,OK
1934,张伟运维,研发中心,28636.42,已取消,2024-03-10,19,"客户反馈：希望增加导出功能；
预计下个迭代交付。"
1935,陈杰设计师,市场部,23425.9,已完成,2025-02-08,12,OK
1936,张伟顾问,客户成功,40239.53,已完成,2024-09-16,55,"多行备注第一行
第二行补充说明
第三行是结论。"
1937,刘洋工程师,安全合规,48260.4,阻塞,2025-02-03,99,常规任务，按计划推进。
1938,陈杰设计师,数据平台,10586.18,待审核,2025-06-24,23,"多行备注第一行
第二行补充说明
第三行是结论。"
1939,周勇设计师,市场部,40410.88,已取消,2023-05-17,3,OK
1940,周勇工程师,人力资源,11072.71,进行中,2024-03-28,17,"多行备注第一行
第二行补充说明
第三行是结论。"
1941,Alan顾问,安全合规,21523.59,已取消,2024-04-15,23,常规任务，按计划推进。
1942,Ada数据分析师,市场部,33806.13,进行中,2023-07-05,1,"需要与跨部门协同，
优先级 P1。"
1943,黄敏架构师,安全合规,27048.04,待审核,2025-09-24,52,OK
1944,黄敏架构师,财务部,40387.31,阻塞,2025-12-13,97,"需要与跨部门协同，
优先级 P1。"
1945,周勇经理,市场部,27641.86,待审核,2023-01-07,10,OK
1946,杨静运维,研发中心,32197.81,待审核,2024-07-10,48,常规任务，按计划推进。
1947,杨静实习生,市场部,38764.01,已完成,2024-11-25,19,"客户反馈：希望增加导出功能；
预计下个迭代交付。"
1948,Alan顾问,安全合规,39144.03,已完成,2025-05-13,32,"多行备注第一行
第二行补充说明
第三行是结论。"
1949,张伟数据分析师,人力资源,16381.4,待审核,2024-12-15,48,"多行备注第一行
第二行补充说明
第三行是结论。"
1950,黄敏设计师,人力资源,48182.83,已完成,2023-11-04,38,"需要与跨部门协同，
优先级 P1。"
1951,张伟测试,人力资源,45922.64,待审核,2023-10-10,46,OK
1952,周勇实习生,研发中心,47028.97,待审核,2023-06-11,25,"需要与跨部门协同，
优先级 P1。"
1953,Margaret架构师,市场部,5497.53,进行中,2023-12-23,72,"需要与跨部门协同，
优先级 P1。"
1954,张伟工程师,数据平台,14841.22,阻塞,2024-01-15,52,"需要与跨部门协同，
优先级 P1。"
1955,Grace顾问,人力资源,20611.66,已取消,2024-06-02,67,OK
1956,王芳实习生,安全合规,26938.26,阻塞,2023-11-25,71,OK
1957,周勇产品经理,市场部,46982.64,待审核,2024-11-23,57,"需要与跨部门协同，
优先级 P1。"
1958,李娜设计师,安全合规,46174.77,进行中,2025-07-09,51,"多行备注第一行
第二行补充说明
第三行是结论。"
1959,张伟工程师,财务部,5545.16,已完成,2023-07-19,25,"客户反馈：希望增加导出功能；
预计下个迭代交付。"
1960,Grace设计师,人力资源,29617.52,已取消,2023-01-03,21,常规任务，按计划推进。
1961,陈杰实习生,安全合规,7974.01,待审核,2023-11-16,15,常规任务，按计划推进。
1962,Linus实习生,安全合规,45473.24,阻塞,2025-06-28,61,"需要与跨部门协同，
优先级 P1。"
1963,吴婷架构师,数据平台,45012.66,已取消,2025-11-11,68,"多行备注第一行
第二行补充说明
第三行是结论。"
1964,Linus顾问,数据平台,35717.06,阻塞,2023-04-27,3,"客户反馈：希望增加导出功能；
预计下个迭代交付。"
1965,黄敏运维,财务部,47297.3,已取消,2024-12-13,7,OK
1966,陈杰运维,研发中心,42083.1,阻塞,2023-04-08,60,"多行备注第一行
第二行补充说明
第三行是结论。"
1967,Margaret产品经理,客户成功,29399.42,已取消,2024-12-13,54,OK
1968,杨静运维,研发中心,15912.24,阻塞,2024-11-03,100,"需要与跨部门协同，
优先级 P1。"
1969,Margaret工程师,人力资源,23266.61,待审核,2023-07-16,4,"需要与跨部门协同，
优先级 P1。"
1970,杨静产品经理,财务部,15605.7,待审核,2024-10-07,52,"客户反馈：希望增加导出功能；
预计下个迭代交付。"
1971,Alan数据分析师,财务部,15945.61,已完成,2024-03-20,42,OK
1972,赵磊产品经理,研发中心,8694.27,进行中,2023-09-14,64,常规任务，按计划推进。
1973,Margaret设计师,研发中心,5093.93,已完成,2023-03-10,47,"需要与跨部门协同，
优先级 P1。"
1974,Linus顾问,研发中心,6819.34,已取消,2024-02-02,75,常规任务，按计划推进。
1975,张伟顾问,研发中心,41964.34,已完成,2023-07-27,63,常规任务，按计划推进。
1976,陈杰顾问,财务部,32694.58,阻塞,2023-10-10,18,常规任务，按计划推进。
1977,黄敏顾问,安全合规,16699.2,阻塞,2023-08-20,29,"需要与跨部门协同，
优先级 P1。"
1978,张伟经理,安全合规,20239.59,已完成,2025-08-26,58,"需要与跨部门协同，
优先级 P1。"
1979,周勇运维,财务部,34407.02,待审核,2024-04-26,40,"需要与跨部门协同，
优先级 P1。"
1980,刘洋数据分析师,人力资源,11692.44,已完成,2023-02-02,76,常规任务，按计划推进。
1981,李娜产品经理,人力资源,10674.94,进行中,2024-06-23,41,OK
1982,刘洋实习生,人力资源,23444.63,阻塞,2025-10-10,91,"多行备注第一行
第二行补充说明
第三行是结论。"
1983,Margaret实习生,客户成功,6522.63,已完成,2024-04-12,9,常规任务，按计划推进。
1984,张伟运维,人力资源,13395.31,待审核,2024-11-13,91,"需要与跨部门协同，
优先级 P1。"
1985,黄敏设计师,安全合规,19710.87,待审核,2025-06-25,73,"多行备注第一行
第二行补充说明
第三行是结论。"
1986,张伟设计师,财务部,23711.05,待审核,2024-03-02,18,"多行备注第一行
第二行补充说明
第三行是结论。"
1987,周勇顾问,人力资源,48067.82,已完成,2025-03-14,5,常规任务，按计划推进。
1988,Linus测试,客户成功,20433.33,阻塞,2024-06-01,14,"客户反馈：希望增加导出功能；
预计下个迭代交付。"
1989,Grace架构师,市场部,14497.78,已取消,2025-11-28,95,OK
1990,陈杰架构师,人力资源,45031.39,阻塞,2025-10-07,56,常规任务，按计划推进。
1991,黄敏顾问,数据平台,18058.7,待审核,2023-05-11,3,"客户反馈：希望增加导出功能；
预计下个迭代交付。"
1992,吴婷产品经理,人力资源,42329.87,待审核,2024-10-19,30,"需要与跨部门协同，
优先级 P1。"
1993,Alan顾问,市场部,25217.21,已取消,2025-01-27,30,OK
1994,陈杰经理,财务部,5192.83,已完成,2023-04-27,58,"多行备注第一行
第二行补充说明
第三行是结论。"
1995,赵磊工程师,人力资源,7149.37,进行中,2024-09-27,70,"客户反馈：希望增加导出功能；
预计下个迭代交付。"
1996,张伟架构师,安全合规,47866.88,已取消,2025-11-02,64,OK
1997,刘洋架构师,客户成功,29856.17,进行中,2023-07-18,93,"需要与跨部门协同，
优先级 P1。"
1998,李娜架构师,客户成功,14011.57,待审核,2023-06-21,32,"客户反馈：希望增加导出功能；
预计下个迭代交付。"
1999,张伟产品经理,市场部,46898.69,已取消,2023-11-10,86,"需要与跨部门协同，
优先级 P1。"
2000,赵磊设计师,人力资源,14184.2,已完成,2024-02-25,37,"需要与跨部门协同，
优先级 P1。"
2001,周勇架构师,客户成功,8086.54,已完成,2023-01-08,9,"需要与跨部门协同，
优先级 P1。"
2002,李娜产品经理,安全合规,25308.12,进行中,2025-09-15,66,常规任务，按计划推进。
2003,黄敏顾问,财务部,40347.37,已取消,2023-06-06,50,"多行备注第一行
第二行补充说明
第三行是结论。"
2004,周勇运维,客户成功,5820.24,阻塞,2023-02-06,19,"需要与跨部门协同，
优先级 P1。"
2005,李娜架构师,安全合规,36028.84,已完成,2024-11-12,4,"需要与跨部门协同，
优先级 P1。"
2006,Alan经理,安全合规,39054.03,进行中,2025-07-07,22,"多行备注第一行
第二行补充说明
第三行是结论。"
2007,吴婷实习生,安全合规,31385.95,进行中,2025-04-27,85,"客户反馈：希望增加导出功能；
预计下个迭代交付。"
2008,周勇实习生,人力资源,19499.63,已取消,2023-01-02,58,"多行备注第一行
第二行补充说明
第三行是结论。"
2009,张伟顾问,财务部,5770.46,已取消,2025-06-14,96,常规任务，按计划推进。
2010,杨静实习生,研发中心,11033.58,进行中,2025-09-18,99,常规任务，按计划推进。
2011,吴婷设计师,人力资源,27245.54,阻塞,2025-06-04,80,常规任务，按计划推进。
2012,Grace测试,市场部,19042.62,待审核,2024-01-28,14,常规任务，按计划推进。
2013,陈杰设计师,客户成功,16622.66,待审核,2023-05-11,53,常规任务，按计划推进。
2014,周勇测试,研发中心,27422.92,已取消,2024-01-01,37,"需要与跨部门协同，
优先级 P1。"
2015,李娜产品经理,安全合规,11184.11,阻塞,2025-10-28,13,"需要与跨部门协同，
优先级 P1。"
2016,王芳产品经理,财务部,39559.95,已取消,2023-03-19,28,OK
2017,Grace产品经理,市场部,7208.54,已取消,2025-09-28,11,OK
2018,Margaret顾问,安全合规,36071.7,已取消,2025-11-10,13,"客户反馈：希望增加导出功能；
预计下个迭代交付。"
2019,Grace工程师,财务部,46347.72,待审核,2023-11-11,35,常规任务，按计划推进。
2020,李娜产品经理,研发中心,47704.27,阻塞,2023-02-16,6,"客户反馈：希望增加导出功能；
预计下个迭代交付。"
2021,Grace测试,人力资源,29388.4,已取消,2023-10-18,32,常规任务，按计划推进。
2022,杨静设计师,市场部,34181.86,阻塞,2025-02-21,3,"客户反馈：希望增加导出功能；
预计下个迭代交付。"
2023,刘洋设计师,市场部,38203.78,阻塞,2023-07-01,88,OK
2024,Margaret运维,数据平台,40759.75,已完成,2024-09-08,8,"客户反馈：希望增加导出功能；
预计下个迭代交付。"
2025,刘洋顾问,客户成功,22479.85,阻塞,2024-06-05,52,OK
2026,赵磊顾问,财务部,17121.21,阻塞,2023-12-14,33,OK
2027,黄敏工程师,研发中心,23249.52,已完成,2025-05-23,17,OK
2028,李娜顾问,研发中心,48522.85,已完成,2023-12-02,30,"多行备注第一行
第二行补充说明
第三行是结论。"
2029,Ada工程师,客户成功,8248.97,待审核,2023-04-09,15,OK
2030,张伟数据分析师,客户成功,9984.84,进行中,2024-02-11,27,"客户反馈：希望增加导出功能；
预计下个迭代交付。"
2031,李娜设计师,客户成功,34158.35,进行中,2024-06-14,49,OK
2032,Linus运维,人力资源,34840.39,已完成,2023-07-12,25,"多行备注第一行
第二行补充说明
第三行是结论。"
2033,黄敏实习生,财务部,24685.29,已取消,2023-07-15,21,常规任务，按计划推进。
2034,Grace工程师,客户成功,25643.64,已取消,2023-07-04,37,"多行备注第一行
第二行补充说明
第三行是结论。"
2035,陈杰运维,市场部,24176.85,进行中,2024-09-03,76,"客户反馈：希望增加导出功能；
预计下个迭代交付。"
2036,杨静运维,客户成功,15094.21,已完成,2025-05-27,62,"客户反馈：希望增加导出功能；
预计下个迭代交付。"
2037,陈杰设计师,人力资源,14925.45,已完成,2023-04-21,63,"客户反馈：希望增加导出功能；
预计下个迭代交付。"
2038,刘洋架构师,数据平台,33884.98,已完成,2023-05-24,48,OK
2039,陈杰产品经理,财务部,43790.11,阻塞,2024-12-13,3,常规任务，按计划推进。
2040,吴婷产品经理,市场部,45444.91,已取消,2023-11-18,79,OK
2041,Grace架构师,市场部,33238.37,阻塞,2023-03-01,42,OK
2042,赵磊顾问,财务部,5065.72,已完成,2023-02-24,40,"客户反馈：希望增加导出功能；
预计下个迭代交付。"
2043,陈杰运维,数据平台,13976.0,待审核,2025-10-19,73,"需要与跨部门协同，
优先级 P1。"
2044,王芳经理,人力资源,33107.87,已完成,2024-01-28,44,"需要与跨部门协同，
优先级 P1。"
2045,黄敏数据分析师,数据平台,20004.31,已完成,2024-09-01,89,常规任务，按计划推进。
2046,王芳顾问,市场部,15408.7,进行中,2023-08-14,69,常规任务，按计划推进。
2047,王芳架构师,人力资源,37329.39,已完成,2025-04-07,48,常规任务，按计划推进。
2048,张伟运维,研发中心,46319.16,待审核,2023-05-21,76,"客户反馈：希望增加导出功能；
预计下个迭代交付。"
2049,Margaret数据分析师,研发中心,20336.64,已完成,2025-02-03,33,OK
2050,周勇数据分析师,研发中心,26420.56,已取消,2025-03-22,97,常规任务，按计划推进。
2051,Margaret实习生,安全合规,49651.56,待审核,2024-02-03,65,OK
2052,刘洋顾问,财务部,5004.18,已取消,2024-08-18,90,"多行备注第一行
第二行补充说明
第三行是结论。"
2053,张伟产品经理,客户成功,30726.69,已取消,2023-03-27,21,"多行备注第一行
第二行补充说明
第三行是结论。"
2054,Ada工程师,客户成功,13072.62,已完成,2023-03-10,59,常规任务，按计划推进。
2055,Linus实习生,市场部,32839.08,进行中,2023-12-24,27,"需要与跨部门协同，
优先级 P1。"
2056,Linus运维,安全合规,35904.19,已完成,2025-02-27,21,"客户反馈：希望增加导出功能；
预计下个迭代交付。"
2057,赵磊工程师,市场部,21854.1,阻塞,2023-11-27,54,常规任务，按计划推进。
2058,王芳设计师,市场部,8294.59,待审核,2023-07-08,90,"多行备注第一行
第二行补充说明
第三行是结论。"
2059,陈杰架构师,客户成功,29974.88,阻塞,2025-10-11,58,"多行备注第一行
第二行补充说明
第三行是结论。"
2060,Alan顾问,数据平台,34723.25,已完成,2024-07-06,79,"客户反馈：希望增加导出功能；
预计下个迭代交付。"
2061,陈杰测试,财务部,32282.66,进行中,2023-07-10,49,OK
2062,黄敏产品经理,安全合规,31163.11,已完成,2023-04-24,90,OK
2063,Alan产品经理,数据平台,26569.48,阻塞,2025-12-27,18,常规任务，按计划推进。
2064,周勇设计师,数据平台,44410.96,已完成,2023-01-17,78,OK
2065,Margaret产品经理,市场部,29255.13,进行中,2024-09-18,12,"需要与跨部门协同，
优先级 P1。"
2066,陈杰测试,数据平台,11128.1,已完成,2023-07-16,27,"多行备注第一行
第二行补充说明
第三行是结论。"
2067,Grace数据分析师,客户成功,33631.22,阻塞,2023-10-15,10,"客户反馈：希望增加导出功能；
预计下个迭代交付。"
2068,Ada架构师,研发中心,38198.35,已取消,2024-03-22,36,"需要与跨部门协同，
优先级 P1。"
2069,张伟工程师,安全合规,5518.83,进行中,2025-12-01,93,常规任务，按计划推进。
2070,王芳测试,市场部,39090.13,阻塞,2023-02-23,25,"客户反馈：希望增加导出功能；
预计下个迭代交付。"
2071,Grace产品经理,人力资源,40264.24,阻塞,2025-06-02,81,OK
2072,张伟设计师,财务部,19077.98,进行中,2025-11-10,97,"需要与跨部门协同，
优先级 P1。"
2073,陈杰设计师,研发中心,29559.89,已完成,2025-11-19,70,"客户反馈：希望增加导出功能；
预计下个迭代交付。"
2074,陈杰实习生,数据平台,45961.41,进行中,2023-03-27,98,"需要与跨部门协同，
优先级 P1。"
2075,周勇顾问,安全合规,6910.69,待审核,2024-01-17,56,"客户反馈：希望增加导出功能；
预计下个迭代交付。"
2076,张伟工程师,数据平台,7198.39,已取消,2023-07-12,82,"需要与跨部门协同，
优先级 P1。"
2077,王芳测试,客户成功,28215.08,阻塞,2023-07-13,73,常规任务，按计划推进。
2078,刘洋经理,市场部,40896.51,阻塞,2023-06-12,85,常规任务，按计划推进。
2079,杨静运维,安全合规,12660.6,阻塞,2024-12-02,71,常规任务，按计划推进。
2080,Linus实习生,研发中心,23302.94,已完成,2024-10-28,79,OK
2081,黄敏顾问,财务部,40393.55,进行中,2025-11-28,68,"多行备注第一行
第二行补充说明
第三行是结论。"
2082,李娜产品经理,研发中心,17051.48,进行中,2023-07-09,68,常规任务，按计划推进。
2083,Margaret架构师,数据平台,38232.78,已取消,2025-12-09,83,"多行备注第一行
第二行补充说明
第三行是结论。"
2084,周勇实习生,人力资源,44620.43,已完成,2025-04-13,92,"多行备注第一行
第二行补充说明
第三行是结论。"
2085,周勇产品经理,人力资源,17050.97,已完成,2025-02-05,90,"客户反馈：希望增加导出功能；
预计下个迭代交付。"
2086,吴婷运维,客户成功,12689.2,阻塞,2025-11-22,94,"需要与跨部门协同，
优先级 P1。"
2087,赵磊运维,市场部,5931.92,待审核,2025-03-12,93,OK
2088,赵磊数据分析师,研发中心,18931.33,已取消,2023-08-28,6,"客户反馈：希望增加导出功能；
预计下个迭代交付。"
2089,陈杰经理,市场部,20960.42,已取消,2024-01-06,52,"多行备注第一行
第二行补充说明
第三行是结论。"
2090,Ada测试,财务部,29456.11,已完成,2024-04-28,94,常规任务，按计划推进。
2091,Linus产品经理,人力资源,21977.2,待审核,2024-05-17,74,OK
2092,周勇工程师,安全合规,15163.99,进行中,2024-04-18,90,OK
2093,周勇设计师,安全合规,49203.5,已取消,2025-03-15,79,常规任务，按计划推进。
2094,Linus测试,研发中心,18036.33,进行中,2024-04-07,28,"多行备注第一行
第二行补充说明
第三行是结论。"
2095,Grace测试,市场部,42283.65,已取消,2025-06-23,16,"客户反馈：希望增加导出功能；
预计下个迭代交付。"
2096,Ada数据分析师,安全合规,11363.72,进行中,2023-02-23,77,"客户反馈：希望增加导出功能；
预计下个迭代交付。"
2097,周勇实习生,客户成功,44536.84,进行中,2025-01-20,26,"多行备注第一行
第二行补充说明
第三行是结论。"
2098,吴婷产品经理,客户成功,35545.23,待审核,2023-03-13,83,"需要与跨部门协同，
优先级 P1。"
2099,刘洋工程师,人力资源,43466.61,进行中,2023-10-25,65,"客户反馈：希望增加导出功能；
预计下个迭代交付。"
2100,Grace测试,人力资源,9288.85,阻塞,2024-09-24,68,常规任务，按计划推进。
2101,张伟设计师,市场部,41915.7,进行中,2025-02-11,100,"客户反馈：希望增加导出功能；
预计下个迭代交付。"
2102,王芳架构师,市场部,42691.85,阻塞,2023-04-23,49,"需要与跨部门协同，
优先级 P1。"
2103,黄敏实习生,财务部,37816.75,阻塞,2023-12-14,1,OK
2104,Linus数据分析师,人力资源,21555.72,已取消,2023-01-03,40,OK
2105,王芳产品经理,安全合规,28668.26,阻塞,2024-02-18,38,"多行备注第一行
第二行补充说明
第三行是结论。"
2106,刘洋经理,数据平台,26480.61,进行中,2025-03-25,53,"多行备注第一行
第二行补充说明
第三行是结论。"
2107,李娜设计师,市场部,32295.58,阻塞,2023-02-08,58,"需要与跨部门协同，
优先级 P1。"
2108,杨静测试,人力资源,8453.51,已取消,2023-12-24,94,"需要与跨部门协同，
优先级 P1。"
2109,李娜架构师,数据平台,23326.16,进行中,2024-11-01,100,"需要与跨部门协同，
优先级 P1。"
2110,刘洋实习生,人力资源,24290.13,进行中,2025-12-04,15,"多行备注第一行
第二行补充说明
第三行是结论。"
2111,赵磊工程师,研发中心,47473.16,进行中,2025-04-12,50,"客户反馈：希望增加导出功能；
预计下个迭代交付。"
2112,Margaret顾问,研发中心,41817.75,进行中,2024-03-22,59,常规任务，按计划推进。
2113,杨静数据分析师,研发中心,47875.4,已完成,2024-06-12,7,"客户反馈：希望增加导出功能；
预计下个迭代交付。"
2114,周勇架构师,市场部,24630.82,进行中,2024-11-28,63,"客户反馈：希望增加导出功能；
预计下个迭代交付。"
2115,Grace架构师,客户成功,45608.8,阻塞,2023-09-27,34,"需要与跨部门协同，
优先级 P1。"
2116,Ada工程师,研发中心,15894.51,阻塞,2023-09-15,100,"多行备注第一行
第二行补充说明
第三行是结论。"
2117,杨静运维,市场部,26459.91,阻塞,2025-09-05,53,常规任务，按计划推进。
2118,刘洋数据分析师,客户成功,21843.62,进行中,2023-02-22,48,"客户反馈：希望增加导出功能；
预计下个迭代交付。"
2119,Ada工程师,数据平台,42001.56,阻塞,2024-10-19,91,常规任务，按计划推进。
2120,Grace运维,财务部,30833.94,进行中,2025-08-09,75,"多行备注第一行
第二行补充说明
第三行是结论。"
2121,赵磊顾问,客户成功,30775.43,待审核,2025-10-26,49,"需要与跨部门协同，
优先级 P1。"
2122,Alan架构师,客户成功,32209.7,阻塞,2025-12-22,87,"客户反馈：希望增加导出功能；
预计下个迭代交付。"
2123,王芳架构师,财务部,11533.15,已取消,2025-07-21,73,"多行备注第一行
第二行补充说明
第三行是结论。"
2124,李娜测试,数据平台,9632.48,进行中,2025-05-19,80,"多行备注第一行
第二行补充说明
第三行是结论。"
2125,李娜数据分析师,研发中心,13322.96,已完成,2024-03-25,56,"客户反馈：希望增加导出功能；
预计下个迭代交付。"
2126,吴婷架构师,研发中心,23351.86,进行中,2025-08-05,51,常规任务，按计划推进。
2127,黄敏经理,研发中心,33887.12,已完成,2025-04-10,72,"多行备注第一行
第二行补充说明
第三行是结论。"
2128,周勇顾问,市场部,19660.01,阻塞,2024-11-08,67,"多行备注第一行
第二行补充说明
第三行是结论。"
2129,Linus架构师,安全合规,5787.47,已取消,2023-06-14,85,常规任务，按计划推进。
2130,李娜顾问,数据平台,24536.67,进行中,2025-03-13,76,"需要与跨部门协同，
优先级 P1。"
2131,周勇设计师,人力资源,34741.34,进行中,2025-07-19,49,"需要与跨部门协同，
优先级 P1。"
2132,赵磊产品经理,安全合规,14748.44,阻塞,2024-07-04,87,"多行备注第一行
第二行补充说明
第三行是结论。"
2133,Grace数据分析师,安全合规,28782.71,阻塞,2024-02-09,25,"需要与跨部门协同，
优先级 P1。"
2134,赵磊架构师,市场部,15827.04,已取消,2025-05-21,6,常规任务，按计划推进。
2135,Alan设计师,人力资源,38854.98,进行中,2023-11-28,66,"客户反馈：希望增加导出功能；
预计下个迭代交付。"
2136,吴婷经理,人力资源,7817.22,进行中,2023-07-17,26,常规任务，按计划推进。
2137,王芳数据分析师,安全合规,32535.04,进行中,2023-02-13,68,常规任务，按计划推进。
2138,吴婷运维,研发中心,18186.56,阻塞,2023-12-11,7,"客户反馈：希望增加导出功能；
预计下个迭代交付。"
2139,赵磊设计师,安全合规,33329.18,已完成,2025-08-21,53,"多行备注第一行
第二行补充说明
第三行是结论。"
2140,张伟测试,市场部,33687.63,已取消,2023-08-15,57,OK
2141,陈杰经理,市场部,7618.19,待审核,2023-12-13,98,"客户反馈：希望增加导出功能；
预计下个迭代交付。"
2142,Linus设计师,数据平台,11173.69,进行中,2025-02-24,63,"客户反馈：希望增加导出功能；
预计下个迭代交付。"
2143,Margaret经理,研发中心,49189.21,阻塞,2025-10-03,99,"需要与跨部门协同，
优先级 P1。"
2144,张伟经理,数据平台,35358.46,已取消,2023-04-07,26,"客户反馈：希望增加导出功能；
预计下个迭代交付。"
2145,刘洋产品经理,市场部,47938.7,已取消,2024-12-06,26,"需要与跨部门协同，
优先级 P1。"
2146,Margaret经理,研发中心,26023.68,进行中,2024-01-07,22,常规任务，按计划推进。
2147,王芳顾问,市场部,5020.9,进行中,2023-07-08,66,"需要与跨部门协同，
优先级 P1。"
2148,李娜实习生,人力资源,29575.08,已取消,2024-02-07,28,"客户反馈：希望增加导出功能；
预计下个迭代交付。"
2149,王芳架构师,财务部,18819.42,阻塞,2023-12-06,75,"需要与跨部门协同，
优先级 P1。"
2150,张伟设计师,安全合规,22801.48,阻塞,2023-02-14,36,"需要与跨部门协同，
优先级 P1。"
2151,张伟数据分析师,人力资源,14220.06,已取消,2023-07-16,69,常规任务，按计划推进。
2152,Margaret设计师,人力资源,38341.24,待审核,2025-09-06,24,常规任务，按计划推进。
2153,张伟设计师,客户成功,9152.08,待审核,2025-09-27,24,常规任务，按计划推进。
2154,Linus数据分析师,财务部,28374.1,待审核,2023-10-18,44,"客户反馈：希望增加导出功能；
预计下个迭代交付。"
2155,Grace顾问,人力资源,15523.9,待审核,2023-09-08,15,OK
2156,李娜架构师,客户成功,49816.18,待审核,2023-06-08,74,"客户反馈：希望增加导出功能；
预计下个迭代交付。"
2157,Ada工程师,人力资源,40352.35,阻塞,2025-12-21,55,"客户反馈：希望增加导出功能；
预计下个迭代交付。"
2158,Linus产品经理,人力资源,26524.46,进行中,2024-08-08,52,OK
2159,Grace设计师,安全合规,40658.18,已取消,2023-07-18,19,常规任务，按计划推进。
2160,Linus设计师,市场部,15075.87,已取消,2024-11-06,12,"客户反馈：希望增加导出功能；
预计下个迭代交付。"
2161,Linus测试,研发中心,39977.9,阻塞,2024-02-22,34,"客户反馈：希望增加导出功能；
预计下个迭代交付。"
2162,吴婷设计师,客户成功,8278.8,已完成,2023-10-05,42,OK
2163,赵磊实习生,安全合规,31737.7,进行中,2025-10-18,99,"需要与跨部门协同，
优先级 P1。"
2164,刘洋经理,数据平台,32403.26,已取消,2025-01-06,17,常规任务，按计划推进。
2165,Alan测试,安全合规,6526.0,阻塞,2025-12-08,85,OK
2166,赵磊顾问,客户成功,36113.29,阻塞,2024-11-05,39,OK
2167,杨静顾问,数据平台,29909.34,进行中,2025-02-10,45,"客户反馈：希望增加导出功能；
预计下个迭代交付。"
2168,Linus架构师,数据平台,25604.85,进行中,2025-11-15,12,"需要与跨部门协同，
优先级 P1。"
2169,Margaret设计师,市场部,45283.82,待审核,2024-07-16,26,OK
2170,Grace设计师,研发中心,47025.7,待审核,2024-07-25,10,OK
2171,王芳实习生,人力资源,32469.44,待审核,2024-09-05,80,OK
2172,Margaret经理,数据平台,27375.17,已完成,2023-06-17,74,"多行备注第一行
第二行补充说明
第三行是结论。"
2173,黄敏工程师,安全合规,33948.75,已取消,2025-09-01,52,"多行备注第一行
第二行补充说明
第三行是结论。"
2174,Linus数据分析师,财务部,7334.24,已取消,2023-11-28,47,"客户反馈：希望增加导出功能；
预计下个迭代交付。"
2175,赵磊顾问,财务部,35852.56,阻塞,2023-01-22,16,"多行备注第一行
第二行补充说明
第三行是结论。"
2176,陈杰架构师,市场部,40027.06,已取消,2024-05-09,24,OK
2177,赵磊实习生,数据平台,22733.02,已完成,2024-10-10,24,"多行备注第一行
第二行补充说明
第三行是结论。"
2178,Linus设计师,客户成功,28971.64,阻塞,2024-07-27,29,"多行备注第一行
第二行补充说明
第三行是结论。"
2179,周勇顾问,研发中心,20308.37,已完成,2024-02-22,88,"需要与跨部门协同，
优先级 P1。"
2180,李娜架构师,安全合规,20204.96,待审核,2023-06-13,22,OK
2181,李娜经理,数据平台,14974.35,已完成,2024-09-20,88,"需要与跨部门协同，
优先级 P1。"
2182,王芳数据分析师,安全合规,49614.32,阻塞,2023-09-23,51,"需要与跨部门协同，
优先级 P1。"
2183,杨静工程师,客户成功,27033.45,已取消,2024-09-11,3,OK
2184,杨静实习生,安全合规,35604.64,已取消,2023-01-07,40,OK
2185,王芳架构师,安全合规,30963.41,进行中,2024-10-16,22,常规任务，按计划推进。
2186,刘洋架构师,安全合规,36710.88,阻塞,2023-05-26,5,常规任务，按计划推进。
2187,Alan测试,市场部,22753.88,进行中,2024-05-15,14,"需要与跨部门协同，
优先级 P1。"
2188,Alan测试,市场部,9825.0,已完成,2024-10-07,54,"客户反馈：希望增加导出功能；
预计下个迭代交付。"
2189,Ada架构师,研发中心,15716.7,待审核,2024-06-02,3,OK
2190,陈杰设计师,客户成功,43891.65,进行中,2024-02-02,100,"需要与跨部门协同，
优先级 P1。"
2191,李娜实习生,人力资源,32707.34,进行中,2025-10-17,61,OK
2192,张伟顾问,客户成功,42571.05,待审核,2023-05-12,17,"多行备注第一行
第二行补充说明
第三行是结论。"
2193,Alan架构师,数据平台,30101.22,已取消,2024-03-05,43,OK
2194,Grace经理,人力资源,7626.61,已取消,2025-09-14,97,"客户反馈：希望增加导出功能；
预计下个迭代交付。"
2195,周勇实习生,财务部,18439.26,已完成,2023-08-23,44,OK
2196,杨静运维,数据平台,33447.76,阻塞,2024-06-26,41,OK
2197,陈杰设计师,数据平台,10800.36,阻塞,2023-02-26,89,"客户反馈：希望增加导出功能；
预计下个迭代交付。"
2198,杨静工程师,市场部,46965.85,进行中,2023-01-05,40,"需要与跨部门协同，
优先级 P1。"
2199,Linus数据分析师,数据平台,34130.3,已完成,2023-04-05,83,常规任务，按计划推进。
2200,Grace测试,安全合规,19281.96,已完成,2023-06-11,62,常规任务，按计划推进。
2201,周勇数据分析师,客户成功,33485.23,阻塞,2025-03-22,13,"需要与跨部门协同，
优先级 P1。"
2202,陈杰运维,安全合规,28391.41,阻塞,2024-07-19,80,"客户反馈：希望增加导出功能；
预计下个迭代交付。"
2203,李娜实习生,安全合规,36066.23,已完成,2024-08-21,57,"需要与跨部门协同，
优先级 P1。"
2204,Linus经理,市场部,38610.51,已完成,2024-09-24,91,"多行备注第一行
第二行补充说明
第三行是结论。"
2205,Margaret测试,财务部,14411.79,进行中,2025-04-26,23,OK
2206,Grace产品经理,客户成功,11017.66,进行中,2023-04-20,19,常规任务，按计划推进。
2207,Linus运维,数据平台,9167.18,待审核,2025-01-03,67,"多行备注第一行
第二行补充说明
第三行是结论。"
2208,赵磊运维,人力资源,12206.79,阻塞,2024-06-01,69,"多行备注第一行
第二行补充说明
第三行是结论。"
2209,Grace实习生,人力资源,28340.66,进行中,2025-08-06,24,"需要与跨部门协同，
优先级 P1。"
2210,黄敏实习生,财务部,16715.33,已取消,2025-11-09,62,"多行备注第一行
第二行补充说明
第三行是结论。"
2211,赵磊设计师,安全合规,30704.85,进行中,2024-03-20,12,OK
2212,Alan实习生,人力资源,45484.32,阻塞,2023-12-04,51,常规任务，按计划推进。
2213,周勇设计师,客户成功,24779.14,进行中,2025-08-06,9,"客户反馈：希望增加导出功能；
预计下个迭代交付。"
2214,Linus数据分析师,市场部,24930.42,已完成,2025-11-19,24,常规任务，按计划推进。
2215,杨静设计师,市场部,11983.62,阻塞,2025-04-24,53,"多行备注第一行
第二行补充说明
第三行是结论。"
2216,王芳经理,安全合规,19712.96,阻塞,2023-11-10,31,OK
2217,周勇设计师,市场部,45351.8,已取消,2025-06-23,32,OK
2218,Alan架构师,市场部,19409.17,已取消,2024-07-04,63,"客户反馈：希望增加导出功能；
预计下个迭代交付。"
2219,Ada实习生,市场部,12270.28,待审核,2024-04-01,74,"需要与跨部门协同，
优先级 P1。"
2220,陈杰运维,数据平台,41484.36,待审核,2025-12-24,15,"多行备注第一行
第二行补充说明
第三行是结论。"
2221,Margaret实习生,数据平台,42119.11,阻塞,2024-01-06,74,"多行备注第一行
第二行补充说明
第三行是结论。"
2222,黄敏产品经理,市场部,7494.69,已完成,2025-10-15,98,OK
2223,Margaret实习生,客户成功,10063.09,待审核,2025-06-05,75,OK
2224,Margaret架构师,市场部,10880.07,进行中,2025-02-05,47,"客户反馈：希望增加导出功能；
预计下个迭代交付。"
2225,Ada工程师,数据平台,13479.82,进行中,2023-05-25,71,"客户反馈：希望增加导出功能；
预计下个迭代交付。"
2226,吴婷实习生,数据平台,27655.73,阻塞,2024-06-22,27,"需要与跨部门协同，
优先级 P1。"
2227,Linus架构师,财务部,13309.53,阻塞,2024-01-26,97,常规任务，按计划推进。
2228,刘洋工程师,财务部,49009.54,已完成,2024-11-03,74,OK
2229,杨静产品经理,人力资源,7988.38,已完成,2023-12-19,12,常规任务，按计划推进。
2230,Grace设计师,客户成功,30973.48,阻塞,2025-06-22,4,常规任务，按计划推进。
2231,陈杰数据分析师,人力资源,17473.29,阻塞,2023-01-20,26,常规任务，按计划推进。
2232,吴婷经理,人力资源,8719.15,阻塞,2024-02-20,15,"多行备注第一行
第二行补充说明
第三行是结论。"
2233,赵磊工程师,客户成功,11791.93,已完成,2023-04-06,16,"客户反馈：希望增加导出功能；
预计下个迭代交付。"
2234,赵磊实习生,安全合规,34708.23,进行中,2023-10-25,96,常规任务，按计划推进。
2235,王芳产品经理,人力资源,23121.33,已完成,2023-01-04,80,常规任务，按计划推进。
2236,黄敏设计师,客户成功,20432.25,阻塞,2024-04-07,80,"多行备注第一行
第二行补充说明
第三行是结论。"
2237,张伟运维,数据平台,13660.01,待审核,2024-04-18,2,"多行备注第一行
第二行补充说明
第三行是结论。"
2238,黄敏运维,安全合规,28444.67,已完成,2024-03-04,12,"需要与跨部门协同，
优先级 P1。"
2239,张伟架构师,客户成功,22765.27,阻塞,2023-06-28,2,OK
2240,Linus测试,市场部,11755.76,已取消,2024-03-01,76,"多行备注第一行
第二行补充说明
第三行是结论。"
2241,Ada测试,财务部,37470.84,进行中,2025-12-21,1,"多行备注第一行
第二行补充说明
第三行是结论。"
2242,Ada顾问,数据平台,20535.74,阻塞,2024-01-25,13,"多行备注第一行
第二行补充说明
第三行是结论。"
2243,黄敏产品经理,市场部,17395.79,待审核,2024-09-11,70,"需要与跨部门协同，
优先级 P1。"
2244,赵磊运维,安全合规,46580.9,已完成,2023-05-03,96,"多行备注第一行
第二行补充说明
第三行是结论。"
2245,张伟设计师,人力资源,46858.34,待审核,2023-06-20,21,"客户反馈：希望增加导出功能；
预计下个迭代交付。"
2246,刘洋架构师,人力资源,17506.88,已完成,2025-10-02,57,常规任务，按计划推进。
2247,赵磊经理,安全合规,31586.57,待审核,2023-03-05,37,OK
2248,Linus产品经理,财务部,19374.58,已完成,2025-11-21,1,"多行备注第一行
第二行补充说明
第三行是结论。"
2249,Ada运维,研发中心,16236.38,进行中,2023-10-12,52,"客户反馈：希望增加导出功能；
预计下个迭代交付。"
2250,吴婷实习生,财务部,24043.51,已取消,2025-02-12,57,OK
2251,Linus测试,财务部,17826.96,已完成,2023-05-16,14,"多行备注第一行
第二行补充说明
第三行是结论。"
2252,Alan运维,人力资源,24538.32,进行中,2023-09-02,99,常规任务，按计划推进。
2253,Grace架构师,研发中心,6742.87,进行中,2025-07-18,30,常规任务，按计划推进。
2254,黄敏经理,财务部,39354.99,进行中,2024-03-14,67,常规任务，按计划推进。
2255,周勇工程师,数据平台,9384.27,已取消,2024-02-05,76,常规任务，按计划推进。
2256,Alan产品经理,财务部,36693.67,待审核,2023-04-17,6,"客户反馈：希望增加导出功能；
预计下个迭代交付。"
2257,黄敏产品经理,市场部,7424.74,已完成,2024-02-02,37,"需要与跨部门协同，
优先级 P1。"
2258,周勇运维,人力资源,18510.65,待审核,2023-02-23,26,常规任务，按计划推进。
2259,张伟顾问,人力资源,13177.66,阻塞,2025-11-12,58,"客户反馈：希望增加导出功能；
预计下个迭代交付。"
2260,Ada经理,数据平台,16419.23,进行中,2023-02-18,1,"需要与跨部门协同，
优先级 P1。"
2261,刘洋数据分析师,数据平台,23116.09,待审核,2024-07-13,56,"多行备注第一行
第二行补充说明
第三行是结论。"
2262,王芳测试,数据平台,7883.35,已完成,2023-12-28,61,常规任务，按计划推进。
2263,张伟工程师,财务部,23134.3,待审核,2023-05-11,81,OK
2264,张伟产品经理,安全合规,10241.58,待审核,2025-08-22,60,常规任务，按计划推进。
2265,Margaret运维,研发中心,5884.15,已取消,2025-04-18,99,OK
2266,王芳顾问,安全合规,36497.02,已取消,2025-01-11,32,常规任务，按计划推进。
2267,杨静设计师,研发中心,16498.48,阻塞,2025-01-26,76,"需要与跨部门协同，
优先级 P1。"
2268,Linus顾问,安全合规,27360.76,待审核,2025-09-16,82,"多行备注第一行
第二行补充说明
第三行是结论。"
2269,Linus产品经理,市场部,25846.15,待审核,2025-02-27,54,"客户反馈：希望增加导出功能；
预计下个迭代交付。"
2270,吴婷架构师,客户成功,18167.72,待审核,2024-02-05,28,"客户反馈：希望增加导出功能；
预计下个迭代交付。"
2271,陈杰工程师,人力资源,26595.13,已取消,2023-04-27,23,"需要与跨部门协同，
优先级 P1。"
2272,赵磊设计师,市场部,38163.56,阻塞,2025-10-20,38,OK
2273,吴婷产品经理,数据平台,25073.06,进行中,2023-12-27,34,"多行备注第一行
第二行补充说明
第三行是结论。"
2274,Margaret经理,安全合规,49462.03,已完成,2023-04-15,7,OK
2275,黄敏架构师,安全合规,12718.77,进行中,2024-01-27,21,常规任务，按计划推进。
2276,Linus运维,研发中心,43232.87,阻塞,2023-04-12,88,OK
2277,吴婷架构师,数据平台,27700.55,阻塞,2024-03-04,11,"客户反馈：希望增加导出功能；
预计下个迭代交付。"
2278,张伟架构师,数据平台,33168.23,已取消,2025-09-01,10,OK
2279,Margaret经理,财务部,18685.13,已完成,2023-02-15,46,OK
2280,周勇数据分析师,数据平台,49228.52,阻塞,2024-08-01,70,"多行备注第一行
第二行补充说明
第三行是结论。"
2281,张伟工程师,财务部,29304.27,待审核,2024-06-16,86,常规任务，按计划推进。
2282,Alan设计师,安全合规,13501.15,阻塞,2023-05-20,52,常规任务，按计划推进。
2283,Grace产品经理,市场部,27990.42,待审核,2025-10-09,22,OK
2284,Linus经理,数据平台,45671.52,已完成,2024-12-25,51,OK
2285,Linus实习生,客户成功,33592.49,已取消,2023-10-12,30,常规任务，按计划推进。
2286,陈杰产品经理,安全合规,31143.86,进行中,2024-07-02,64,OK
2287,Linus数据分析师,市场部,26937.81,阻塞,2025-04-11,93,"客户反馈：希望增加导出功能；
预计下个迭代交付。"
2288,杨静产品经理,安全合规,46895.46,阻塞,2025-11-21,51,"多行备注第一行
第二行补充说明
第三行是结论。"
2289,陈杰工程师,数据平台,46680.22,已取消,2025-07-13,70,"多行备注第一行
第二行补充说明
第三行是结论。"
2290,Ada运维,数据平台,24318.87,已取消,2024-09-10,20,常规任务，按计划推进。
2291,黄敏工程师,市场部,30237.49,进行中,2024-03-06,46,OK
2292,Grace数据分析师,安全合规,33364.23,已取消,2025-09-05,1,OK
2293,吴婷数据分析师,财务部,29057.99,阻塞,2025-09-08,79,常规任务，按计划推进。
2294,Margaret经理,市场部,49325.56,待审核,2024-03-25,68,"客户反馈：希望增加导出功能；
预计下个迭代交付。"
2295,吴婷顾问,研发中心,24121.15,阻塞,2023-02-10,10,"多行备注第一行
第二行补充说明
第三行是结论。"
2296,Alan产品经理,数据平台,45322.69,已完成,2024-11-25,77,"多行备注第一行
第二行补充说明
第三行是结论。"
2297,Alan数据分析师,客户成功,23332.08,已完成,2023-08-24,53,常规任务，按计划推进。
2298,杨静设计师,市场部,6970.59,已取消,2024-09-17,13,"客户反馈：希望增加导出功能；
预计下个迭代交付。"
2299,杨静工程师,市场部,21214.23,已取消,2024-08-05,34,常规任务，按计划推进。
2300,吴婷产品经理,人力资源,19304.77,进行中,2023-12-10,36,常规任务，按计划推进。
2301,Grace顾问,人力资源,23092.91,进行中,2024-12-16,96,常规任务，按计划推进。
2302,Grace架构师,市场部,36508.76,阻塞,2025-10-25,70,常规任务，按计划推进。
2303,周勇架构师,客户成功,5128.32,待审核,2024-09-05,13,"需要与跨部门协同，
优先级 P1。"
2304,王芳实习生,财务部,23616.48,进行中,2023-06-20,24,"客户反馈：希望增加导出功能；
预计下个迭代交付。"
2305,Linus经理,财务部,29566.18,阻塞,2025-09-20,32,OK
2306,赵磊顾问,数据平台,24815.6,阻塞,2024-10-10,89,常规任务，按计划推进。
2307,杨静测试,数据平台,16754.85,已取消,2025-01-04,16,OK
2308,李娜顾问,客户成功,13126.16,待审核,2024-04-23,49,常规任务，按计划推进。
2309,杨静产品经理,研发中心,26351.64,待审核,2025-12-02,30,OK
2310,周勇架构师,安全合规,22769.86,待审核,2024-04-14,91,"多行备注第一行
第二行补充说明
第三行是结论。"
2311,王芳架构师,数据平台,16695.74,已取消,2025-01-13,63,常规任务，按计划推进。
2312,张伟工程师,数据平台,34522.88,阻塞,2024-03-10,68,OK
2313,陈杰设计师,研发中心,18199.28,待审核,2024-11-28,36,OK
2314,吴婷经理,人力资源,27387.66,进行中,2024-07-09,21,常规任务，按计划推进。
2315,Alan运维,财务部,24061.58,已取消,2024-08-11,69,常规任务，按计划推进。
2316,吴婷实习生,安全合规,47884.61,已取消,2023-04-26,65,OK
2317,张伟经理,市场部,15913.25,已取消,2024-07-13,17,"多行备注第一行
第二行补充说明
第三行是结论。"
2318,Grace经理,财务部,36526.93,进行中,2023-07-21,43,OK
2319,吴婷测试,市场部,46640.85,进行中,2025-11-14,21,"多行备注第一行
第二行补充说明
第三行是结论。"
2320,王芳设计师,市场部,18235.05,待审核,2024-08-23,85,"客户反馈：希望增加导出功能；
预计下个迭代交付。"
2321,陈杰经理,市场部,39371.4,阻塞,2023-07-01,14,常规任务，按计划推进。
2322,李娜运维,客户成功,49257.23,进行中,2024-09-27,33,OK
2323,Grace架构师,客户成功,22471.02,进行中,2023-09-01,14,"客户反馈：希望增加导出功能；
预计下个迭代交付。"
2324,吴婷架构师,人力资源,26654.02,待审核,2025-03-07,11,"多行备注第一行
第二行补充说明
第三行是结论。"
2325,吴婷顾问,财务部,24983.98,进行中,2024-08-05,92,"客户反馈：希望增加导出功能；
预计下个迭代交付。"
2326,Grace运维,安全合规,12384.95,待审核,2023-03-24,15,"多行备注第一行
第二行补充说明
第三行是结论。"
2327,张伟数据分析师,数据平台,16305.28,待审核,2024-04-14,45,OK
2328,Ada经理,安全合规,38865.15,进行中,2024-09-12,82,"多行备注第一行
第二行补充说明
第三行是结论。"
2329,杨静运维,数据平台,12867.28,已完成,2023-11-18,89,"多行备注第一行
第二行补充说明
第三行是结论。"
2330,周勇测试,财务部,21291.31,已取消,2023-01-22,55,"需要与跨部门协同，
优先级 P1。"
2331,陈杰测试,财务部,34349.32,已取消,2025-03-28,26,常规任务，按计划推进。
2332,王芳设计师,市场部,11937.37,待审核,2024-09-20,98,"客户反馈：希望增加导出功能；
预计下个迭代交付。"
2333,Linus顾问,客户成功,41701.95,进行中,2024-08-25,51,"多行备注第一行
第二行补充说明
第三行是结论。"
2334,刘洋运维,客户成功,33868.2,已完成,2024-03-01,25,OK
2335,周勇经理,客户成功,12637.22,进行中,2024-06-23,2,OK
2336,张伟产品经理,数据平台,40281.72,已完成,2023-05-11,92,"多行备注第一行
第二行补充说明
第三行是结论。"
2337,张伟经理,数据平台,49744.85,已完成,2024-12-18,65,"多行备注第一行
第二行补充说明
第三行是结论。"
2338,陈杰顾问,市场部,19896.08,已完成,2024-01-02,90,常规任务，按计划推进。
2339,周勇产品经理,客户成功,44266.41,待审核,2024-09-10,66,常规任务，按计划推进。
2340,Alan经理,财务部,49500.44,已取消,2024-05-22,47,"需要与跨部门协同，
优先级 P1。"
2341,陈杰经理,研发中心,42163.33,已完成,2025-06-23,9,"客户反馈：希望增加导出功能；
预计下个迭代交付。"
2342,吴婷顾问,市场部,25265.14,阻塞,2023-01-21,88,"需要与跨部门协同，
优先级 P1。"
2343,刘洋顾问,研发中心,11618.76,待审核,2025-09-22,33,OK
2344,Ada经理,安全合规,32994.45,阻塞,2024-10-17,66,"多行备注第一行
第二行补充说明
第三行是结论。"
2345,Margaret顾问,研发中心,18773.38,已取消,2024-10-23,18,"客户反馈：希望增加导出功能；
预计下个迭代交付。"
2346,王芳运维,安全合规,25223.64,已完成,2024-07-08,5,常规任务，按计划推进。
2347,Alan顾问,数据平台,38646.45,待审核,2025-05-06,35,"多行备注第一行
第二行补充说明
第三行是结论。"
2348,Margaret数据分析师,安全合规,30053.62,已完成,2025-08-06,67,"多行备注第一行
第二行补充说明
第三行是结论。"
2349,刘洋顾问,安全合规,9644.15,进行中,2025-11-18,64,常规任务，按计划推进。
2350,赵磊设计师,数据平台,14454.06,已完成,2025-09-02,92,OK
2351,周勇数据分析师,市场部,11556.76,进行中,2023-01-06,30,"多行备注第一行
第二行补充说明
第三行是结论。"
2352,Margaret工程师,研发中心,7836.38,阻塞,2024-08-14,49,常规任务，按计划推进。
2353,张伟工程师,数据平台,42857.38,阻塞,2025-09-26,87,"客户反馈：希望增加导出功能；
预计下个迭代交付。"
2354,Ada经理,研发中心,5504.18,进行中,2024-04-12,50,常规任务，按计划推进。
2355,陈杰工程师,客户成功,15585.43,阻塞,2024-06-21,32,常规任务，按计划推进。
2356,吴婷架构师,安全合规,7131.41,待审核,2024-07-26,97,OK
2357,Linus设计师,市场部,19168.78,待审核,2025-06-27,87,常规任务，按计划推进。
2358,张伟工程师,市场部,38000.09,进行中,2024-07-06,1,"需要与跨部门协同，
优先级 P1。"
2359,Alan运维,财务部,47862.36,阻塞,2024-08-27,10,"需要与跨部门协同，
优先级 P1。"
2360,张伟工程师,人力资源,24478.29,待审核,2024-05-03,10,常规任务，按计划推进。
2361,Margaret经理,财务部,18459.09,进行中,2025-02-23,29,"需要与跨部门协同，
优先级 P1。"
2362,张伟实习生,数据平台,19576.9,待审核,2025-10-09,99,OK
2363,黄敏工程师,数据平台,32682.9,已取消,2025-04-14,54,OK
2364,刘洋运维,数据平台,11337.2,阻塞,2025-10-19,80,"客户反馈：希望增加导出功能；
预计下个迭代交付。"
2365,李娜经理,数据平台,25660.1,进行中,2025-04-18,56,OK
2366,周勇架构师,客户成功,30458.87,待审核,2025-11-22,83,"客户反馈：希望增加导出功能；
预计下个迭代交付。"
2367,Grace顾问,研发中心,21383.8,已取消,2025-07-06,47,"客户反馈：希望增加导出功能；
预计下个迭代交付。"
2368,Alan产品经理,数据平台,25451.18,待审核,2023-12-20,31,"多行备注第一行
第二行补充说明
第三行是结论。"
2369,张伟产品经理,市场部,24422.58,已取消,2024-11-17,74,OK
2370,Alan设计师,人力资源,5661.16,进行中,2025-01-25,74,"需要与跨部门协同，
优先级 P1。"
2371,Margaret设计师,研发中心,40278.43,已取消,2024-09-11,16,"客户反馈：希望增加导出功能；
预计下个迭代交付。"
2372,黄敏实习生,财务部,36772.99,已完成,2024-05-13,78,"多行备注第一行
第二行补充说明
第三行是结论。"
2373,Grace产品经理,研发中心,29381.48,阻塞,2023-05-03,78,OK
2374,赵磊设计师,人力资源,16982.2,已完成,2023-10-16,43,OK
2375,吴婷产品经理,人力资源,7402.76,已取消,2025-12-12,35,"多行备注第一行
第二行补充说明
第三行是结论。"
2376,王芳架构师,财务部,35645.69,已取消,2024-01-11,56,OK
2377,李娜工程师,安全合规,31009.0,已完成,2024-08-27,1,OK
2378,张伟工程师,研发中心,33445.32,已完成,2025-06-14,36,常规任务，按计划推进。
2379,黄敏设计师,市场部,42227.64,已取消,2024-03-17,21,OK
2380,吴婷测试,客户成功,44846.55,已取消,2023-01-03,63,OK
2381,Linus架构师,市场部,12241.3,已取消,2025-08-08,12,"多行备注第一行
第二行补充说明
第三行是结论。"
2382,赵磊产品经理,人力资源,47371.89,阻塞,2024-01-16,9,常规任务，按计划推进。
2383,Grace测试,数据平台,33866.62,进行中,2023-02-19,48,常规任务，按计划推进。
2384,吴婷设计师,安全合规,25871.98,进行中,2025-02-11,24,"客户反馈：希望增加导出功能；
预计下个迭代交付。"
2385,王芳工程师,客户成功,21322.73,待审核,2023-10-05,26,常规任务，按计划推进。
2386,张伟实习生,研发中心,41434.79,阻塞,2024-11-01,1,"客户反馈：希望增加导出功能；
预计下个迭代交付。"
2387,陈杰产品经理,数据平台,30830.11,已取消,2025-12-11,90,"需要与跨部门协同，
优先级 P1。"
2388,刘洋设计师,安全合规,30536.91,待审核,2024-10-18,74,"多行备注第一行
第二行补充说明
第三行是结论。"
2389,Alan经理,财务部,10917.73,已取消,2024-08-25,15,"客户反馈：希望增加导出功能；
预计下个迭代交付。"
2390,Alan产品经理,数据平台,40686.42,阻塞,2023-08-07,40,OK
2391,王芳数据分析师,安全合规,37640.88,进行中,2023-05-11,6,"多行备注第一行
第二行补充说明
第三行是结论。"
2392,杨静架构师,客户成功,32484.82,已完成,2025-03-03,60,"需要与跨部门协同，
优先级 P1。"
2393,刘洋测试,人力资源,16521.51,已完成,2024-03-14,68,常规任务，按计划推进。
2394,赵磊运维,数据平台,24593.98,待审核,2024-04-19,71,"多行备注第一行
第二行补充说明
第三行是结论。"
2395,Ada运维,财务部,46892.7,阻塞,2023-09-10,23,"需要与跨部门协同，
优先级 P1。"
2396,Grace数据分析师,人力资源,46451.18,已取消,2024-03-18,7,"需要与跨部门协同，
优先级 P1。"
2397,杨静工程师,人力资源,41733.7,已取消,2025-01-13,47,"客户反馈：希望增加导出功能；
预计下个迭代交付。"
2398,吴婷测试,财务部,8602.77,待审核,2023-04-19,24,常规任务，按计划推进。
2399,吴婷工程师,数据平台,47161.28,已取消,2023-01-16,81,"需要与跨部门协同，
优先级 P1。"
2400,Ada工程师,客户成功,49555.08,进行中,2023-02-03,13,"客户反馈：希望增加导出功能；
预计下个迭代交付。"
2401,Grace架构师,人力资源,9263.96,进行中,2023-06-26,38,"客户反馈：希望增加导出功能；
预计下个迭代交付。"
2402,Linus经理,研发中心,35903.19,已完成,2023-11-01,52,OK
2403,杨静数据分析师,财务部,41790.77,已取消,2025-02-22,23,常规任务，按计划推进。
2404,Margaret产品经理,客户成功,11085.49,待审核,2024-10-12,8,常规任务，按计划推进。
2405,李娜经理,安全合规,41560.52,进行中,2023-06-04,44,"多行备注第一行
第二行补充说明
第三行是结论。"
2406,Alan设计师,财务部,48497.56,阻塞,2024-08-21,80,"需要与跨部门协同，
优先级 P1。"
2407,张伟实习生,财务部,6972.16,待审核,2023-08-23,25,"多行备注第一行
第二行补充说明
第三行是结论。"
2408,黄敏顾问,数据平台,7228.29,已取消,2025-12-19,87,"需要与跨部门协同，
优先级 P1。"
2409,Linus工程师,市场部,34989.22,进行中,2023-01-13,37,OK
2410,刘洋运维,安全合规,37461.55,已完成,2025-10-04,1,"需要与跨部门协同，
优先级 P1。"
2411,杨静设计师,研发中心,44522.91,待审核,2023-09-20,90,"需要与跨部门协同，
优先级 P1。"
2412,王芳产品经理,数据平台,18495.14,阻塞,2023-04-21,44,OK
2413,吴婷设计师,数据平台,21162.84,已完成,2024-11-19,44,"多行备注第一行
第二行补充说明
第三行是结论。"
2414,张伟测试,人力资源,8179.78,进行中,2024-08-19,74,常规任务，按计划推进。
2415,Linus工程师,人力资源,30703.68,阻塞,2023-02-18,50,"客户反馈：希望增加导出功能；
预计下个迭代交付。"
2416,黄敏运维,研发中心,40023.23,已完成,2024-09-09,89,"多行备注第一行
第二行补充说明
第三行是结论。"
2417,Ada数据分析师,客户成功,13723.04,已取消,2024-10-23,48,"多行备注第一行
第二行补充说明
第三行是结论。"
2418,张伟工程师,人力资源,27084.94,待审核,2023-06-11,2,"多行备注第一行
第二行补充说明
第三行是结论。"
2419,李娜测试,安全合规,5497.44,待审核,2023-07-11,33,"多行备注第一行
第二行补充说明
第三行是结论。"
2420,Margaret经理,市场部,17864.11,待审核,2025-05-06,75,常规任务，按计划推进。
2421,Linus设计师,客户成功,47616.12,已完成,2023-04-10,43,常规任务，按计划推进。
2422,王芳工程师,客户成功,40435.47,阻塞,2023-11-14,87,常规任务，按计划推进。
2423,杨静数据分析师,研发中心,33674.3,阻塞,2025-07-17,33,"多行备注第一行
第二行补充说明
第三行是结论。"
2424,张伟设计师,研发中心,8977.38,待审核,2024-04-26,18,OK
2425,Margaret工程师,财务部,45337.31,已取消,2024-06-25,73,OK
2426,Grace架构师,人力资源,19547.49,阻塞,2023-02-06,76,OK
2427,Grace经理,财务部,12536.92,进行中,2023-04-14,86,"多行备注第一行
第二行补充说明
第三行是结论。"
2428,Grace工程师,客户成功,11365.94,已取消,2024-09-06,10,"需要与跨部门协同，
优先级 P1。"
2429,黄敏实习生,研发中心,36270.64,已完成,2023-08-04,12,"需要与跨部门协同，
优先级 P1。"
2430,Alan设计师,市场部,37116.24,阻塞,2023-03-07,56,"多行备注第一行
第二行补充说明
第三行是结论。"
2431,王芳顾问,客户成功,34711.4,进行中,2024-09-26,16,OK
2432,吴婷实习生,客户成功,5192.42,已取消,2025-02-14,14,常规任务，按计划推进。
2433,周勇经理,市场部,29098.87,已取消,2025-09-03,94,OK
2434,Margaret测试,数据平台,38733.11,待审核,2023-12-23,13,"客户反馈：希望增加导出功能；
预计下个迭代交付。"
2435,周勇架构师,研发中心,36897.34,已取消,2023-08-18,98,OK
2436,Alan数据分析师,研发中心,29637.0,待审核,2025-03-17,75,"客户反馈：希望增加导出功能；
预计下个迭代交付。"
2437,Margaret设计师,安全合规,27907.9,已取消,2024-01-22,13,OK
2438,李娜设计师,客户成功,38929.67,已完成,2023-01-06,71,"多行备注第一行
第二行补充说明
第三行是结论。"
2439,吴婷运维,数据平台,10735.74,已完成,2023-11-05,8,"需要与跨部门协同，
优先级 P1。"
2440,王芳运维,财务部,26927.36,已取消,2025-04-24,17,OK
2441,Ada产品经理,研发中心,23965.71,已取消,2025-10-23,26,常规任务，按计划推进。
2442,Linus设计师,客户成功,33228.63,进行中,2023-01-21,27,常规任务，按计划推进。
2443,陈杰设计师,市场部,43356.89,已完成,2025-08-16,46,"多行备注第一行
第二行补充说明
第三行是结论。"
2444,Ada产品经理,市场部,21781.88,已完成,2023-03-17,12,"客户反馈：希望增加导出功能；
预计下个迭代交付。"
2445,杨静工程师,人力资源,16405.95,已完成,2023-11-27,8,"需要与跨部门协同，
优先级 P1。"
2446,Ada顾问,市场部,47070.62,待审核,2024-08-12,51,OK
2447,王芳顾问,数据平台,15091.02,进行中,2025-01-21,21,OK
2448,王芳经理,客户成功,44755.72,进行中,2024-05-13,78,常规任务，按计划推进。
2449,Alan设计师,数据平台,38708.34,阻塞,2023-02-26,4,"需要与跨部门协同，
优先级 P1。"
2450,刘洋架构师,安全合规,17415.76,阻塞,2024-07-06,20,OK
2451,王芳数据分析师,研发中心,23890.98,进行中,2025-01-12,52,OK
2452,Margaret测试,安全合规,23795.78,待审核,2024-01-13,30,"客户反馈：希望增加导出功能；
预计下个迭代交付。"
2453,Margaret设计师,研发中心,30664.76,待审核,2024-06-02,39,OK
2454,陈杰运维,财务部,34521.22,待审核,2024-07-07,88,"需要与跨部门协同，
优先级 P1。"
2455,吴婷数据分析师,客户成功,15112.39,待审核,2024-01-10,83,OK
2456,赵磊设计师,人力资源,13539.77,已完成,2024-03-14,16,常规任务，按计划推进。
2457,陈杰设计师,财务部,14739.9,待审核,2025-03-27,95,"需要与跨部门协同，
优先级 P1。"
2458,Linus架构师,客户成功,19425.26,已完成,2023-11-17,66,常规任务，按计划推进。
2459,周勇实习生,数据平台,47766.7,阻塞,2023-12-20,53,"多行备注第一行
第二行补充说明
第三行是结论。"
2460,Linus数据分析师,客户成功,19001.07,进行中,2025-10-19,88,"客户反馈：希望增加导出功能；
预计下个迭代交付。"
2461,陈杰数据分析师,市场部,30186.75,已完成,2023-12-10,59,"多行备注第一行
第二行补充说明
第三行是结论。"
2462,Margaret测试,客户成功,7592.14,阻塞,2023-04-08,34,"多行备注第一行
第二行补充说明
第三行是结论。"
2463,Alan工程师,安全合规,36028.59,进行中,2023-12-27,47,OK
2464,黄敏经理,研发中心,21823.79,已取消,2024-08-25,94,"客户反馈：希望增加导出功能；
预计下个迭代交付。"
2465,Margaret顾问,客户成功,17085.33,已取消,2024-07-19,92,"需要与跨部门协同，
优先级 P1。"
2466,Ada测试,市场部,21222.17,已完成,2024-06-19,61,"需要与跨部门协同，
优先级 P1。"
2467,赵磊经理,客户成功,31759.13,阻塞,2024-02-14,27,"需要与跨部门协同，
优先级 P1。"
2468,李娜产品经理,市场部,20446.59,已取消,2023-09-23,2,OK
2469,杨静顾问,财务部,27862.05,已取消,2023-07-20,19,"需要与跨部门协同，
优先级 P1。"
2470,Grace测试,数据平台,22157.91,已取消,2024-03-04,31,常规任务，按计划推进。
2471,黄敏运维,市场部,15781.88,阻塞,2023-05-06,50,常规任务，按计划推进。
2472,Margaret运维,研发中心,49896.33,已取消,2025-09-19,26,"多行备注第一行
第二行补充说明
第三行是结论。"
2473,Grace设计师,人力资源,41746.01,已取消,2024-05-07,92,常规任务，按计划推进。
2474,黄敏顾问,人力资源,14900.48,待审核,2023-02-22,3,常规任务，按计划推进。
2475,周勇产品经理,人力资源,47306.6,已取消,2023-03-04,11,"需要与跨部门协同，
优先级 P1。"
2476,Ada架构师,人力资源,9157.01,阻塞,2024-06-06,27,"需要与跨部门协同，
优先级 P1。"
2477,Alan运维,客户成功,45331.75,待审核,2025-08-09,35,"客户反馈：希望增加导出功能；
预计下个迭代交付。"
2478,张伟产品经理,人力资源,13729.8,已完成,2025-11-01,89,OK
2479,赵磊测试,客户成功,41916.01,已完成,2024-08-15,17,OK
2480,赵磊经理,客户成功,19576.12,已完成,2023-08-01,15,"需要与跨部门协同，
优先级 P1。"
2481,Margaret工程师,客户成功,42233.67,已取消,2023-08-18,9,常规任务，按计划推进。
2482,Margaret测试,财务部,34208.47,进行中,2023-01-05,62,"多行备注第一行
第二行补充说明
第三行是结论。"
2483,Ada设计师,研发中心,18913.49,已取消,2024-11-28,25,常规任务，按计划推进。
2484,赵磊工程师,数据平台,18550.58,阻塞,2025-02-25,28,"客户反馈：希望增加导出功能；
预计下个迭代交付。"
2485,周勇产品经理,人力资源,49705.46,进行中,2023-02-07,49,OK
2486,杨静测试,客户成功,11937.86,待审核,2023-12-01,77,"多行备注第一行
第二行补充说明
第三行是结论。"
2487,吴婷实习生,安全合规,16075.91,已完成,2025-06-20,46,"多行备注第一行
第二行补充说明
第三行是结论。"
2488,Margaret数据分析师,市场部,12603.92,待审核,2023-12-20,25,OK
2489,吴婷顾问,市场部,5064.09,已取消,2024-12-23,29,"需要与跨部门协同，
优先级 P1。"
2490,刘洋设计师,市场部,24045.21,进行中,2025-06-02,61,"客户反馈：希望增加导出功能；
预计下个迭代交付。"
2491,王芳工程师,数据平台,48925.54,进行中,2025-03-13,78,"客户反馈：希望增加导出功能；
预计下个迭代交付。"
2492,Grace产品经理,安全合规,27754.99,已完成,2023-07-02,13,常规任务，按计划推进。
2493,黄敏产品经理,市场部,22839.16,已取消,2025-09-08,72,OK
2494,Linus设计师,客户成功,9033.83,待审核,2025-11-14,91,"需要与跨部门协同，
优先级 P1。"
2495,周勇运维,安全合规,23114.17,已完成,2024-08-25,34,"多行备注第一行
第二行补充说明
第三行是结论。"
2496,李娜数据分析师,市场部,49196.85,已完成,2023-03-23,66,常规任务，按计划推进。
2497,Linus产品经理,安全合规,32334.27,已取消,2023-06-18,86,OK
2498,李娜设计师,市场部,38041.36,已取消,2024-01-13,24,OK
2499,杨静数据分析师,财务部,34524.04,待审核,2023-11-26,93,"客户反馈：希望增加导出功能；
预计下个迭代交付。"
2500,Alan数据分析师,研发中心,43478.76,进行中,2025-01-09,51,"客户反馈：希望增加导出功能；
预计下个迭代交付。"
2501,陈杰产品经理,安全合规,15634.16,待审核,2025-06-08,72,"需要与跨部门协同，
优先级 P1。"
2502,Grace产品经理,客户成功,30275.81,已完成,2023-11-03,29,"客户反馈：希望增加导出功能；
预计下个迭代交付。"
2503,李娜经理,客户成功,7579.94,已取消,2025-07-08,74,"客户反馈：希望增加导出功能；
预计下个迭代交付。"
2504,Linus测试,人力资源,7846.59,已取消,2024-01-12,41,"需要与跨部门协同，
优先级 P1。"
2505,吴婷产品经理,安全合规,12842.6,进行中,2024-02-14,93,"需要与跨部门协同，
优先级 P1。"
2506,王芳产品经理,数据平台,39489.22,已取消,2024-07-09,3,OK
2507,Margaret产品经理,数据平台,37440.34,阻塞,2023-10-11,58,OK
2508,黄敏测试,安全合规,13318.82,待审核,2023-03-01,33,"多行备注第一行
第二行补充说明
第三行是结论。"
2509,赵磊设计师,客户成功,5670.9,阻塞,2025-08-04,18,常规任务，按计划推进。
2510,李娜运维,研发中心,47336.03,阻塞,2023-12-14,80,"客户反馈：希望增加导出功能；
预计下个迭代交付。"
2511,黄敏架构师,数据平台,34126.98,待审核,2023-10-17,61,"多行备注第一行
第二行补充说明
第三行是结论。"
2512,王芳设计师,人力资源,27074.73,待审核,2023-02-26,78,"多行备注第一行
第二行补充说明
第三行是结论。"
2513,李娜实习生,客户成功,22523.16,进行中,2024-06-23,74,OK
2514,周勇顾问,人力资源,34193.68,待审核,2024-04-27,82,"多行备注第一行
第二行补充说明
第三行是结论。"
2515,Linus顾问,客户成功,36183.6,已完成,2023-10-03,81,"客户反馈：希望增加导出功能；
预计下个迭代交付。"
2516,杨静运维,市场部,6389.47,阻塞,2025-12-26,75,"需要与跨部门协同，
优先级 P1。"
2517,李娜数据分析师,研发中心,11512.93,已完成,2023-10-03,46,常规任务，按计划推进。
2518,Grace测试,人力资源,41339.94,已取消,2024-10-21,59,"需要与跨部门协同，
优先级 P1。"
2519,黄敏工程师,客户成功,7247.37,已完成,2024-09-15,51,"需要与跨部门协同，
优先级 P1。"
2520,陈杰架构师,客户成功,39313.19,待审核,2024-05-19,58,OK
2521,黄敏运维,研发中心,23890.53,已完成,2024-06-14,89,常规任务，按计划推进。
2522,陈杰测试,研发中心,6037.41,已完成,2024-06-23,29,"客户反馈：希望增加导出功能；
预计下个迭代交付。"
2523,刘洋工程师,数据平台,38260.17,已取消,2025-07-20,24,"客户反馈：希望增加导出功能；
预计下个迭代交付。"
2524,黄敏产品经理,研发中心,44722.94,阻塞,2025-06-05,73,"客户反馈：希望增加导出功能；
预计下个迭代交付。"
2525,刘洋测试,市场部,7229.54,已取消,2025-08-24,2,"多行备注第一行
第二行补充说明
第三行是结论。"
2526,杨静测试,研发中心,12268.04,已完成,2024-07-22,27,"客户反馈：希望增加导出功能；
预计下个迭代交付。"
2527,陈杰数据分析师,研发中心,43399.64,阻塞,2024-09-20,72,OK
2528,Grace测试,数据平台,22706.19,已取消,2024-11-14,32,"需要与跨部门协同，
优先级 P1。"
2529,杨静运维,安全合规,45550.7,已取消,2025-04-10,91,"需要与跨部门协同，
优先级 P1。"
2530,Grace产品经理,安全合规,45350.95,阻塞,2023-07-19,78,OK
2531,刘洋顾问,市场部,42520.25,已取消,2024-10-15,37,"多行备注第一行
第二行补充说明
第三行是结论。"
2532,吴婷运维,人力资源,16870.75,阻塞,2025-11-23,72,"多行备注第一行
第二行补充说明
第三行是结论。"
2533,李娜数据分析师,研发中心,31699.44,阻塞,2024-03-20,93,"客户反馈：希望增加导出功能；
预计下个迭代交付。"
2534,Ada数据分析师,数据平台,35105.35,阻塞,2025-09-19,35,常规任务，按计划推进。
2535,刘洋设计师,研发中心,48530.22,阻塞,2024-03-02,89,"多行备注第一行
第二行补充说明
第三行是结论。"
2536,王芳实习生,安全合规,6950.83,已取消,2024-09-12,25,"需要与跨部门协同，
优先级 P1。"
2537,Linus经理,财务部,20150.52,阻塞,2023-03-02,32,常规任务，按计划推进。
2538,张伟运维,财务部,30500.82,已取消,2024-02-05,93,OK
2539,刘洋顾问,研发中心,42033.22,已完成,2025-06-04,18,常规任务，按计划推进。
2540,刘洋实习生,财务部,43631.23,已取消,2025-12-20,51,"多行备注第一行
第二行补充说明
第三行是结论。"
2541,杨静顾问,财务部,33260.2,待审核,2023-09-14,11,OK
2542,吴婷数据分析师,研发中心,16749.12,已取消,2025-05-07,34,"需要与跨部门协同，
优先级 P1。"
2543,赵磊经理,市场部,8808.89,已完成,2025-09-12,7,"多行备注第一行
第二行补充说明
第三行是结论。"
2544,陈杰设计师,市场部,42296.61,已完成,2025-12-05,5,"多行备注第一行
第二行补充说明
第三行是结论。"
2545,刘洋运维,人力资源,18173.98,已取消,2024-04-21,14,常规任务，按计划推进。
2546,陈杰数据分析师,客户成功,25284.3,阻塞,2024-09-24,89,"客户反馈：希望增加导出功能；
预计下个迭代交付。"
2547,Grace架构师,安全合规,6260.92,阻塞,2025-06-23,91,"多行备注第一行
第二行补充说明
第三行是结论。"
2548,吴婷运维,人力资源,38896.85,进行中,2023-11-03,83,"客户反馈：希望增加导出功能；
预计下个迭代交付。"
2549,黄敏运维,研发中心,25961.73,已完成,2023-05-07,41,常规任务，按计划推进。
2550,李娜数据分析师,数据平台,40727.26,已取消,2023-03-06,72,OK
2551,陈杰经理,人力资源,20225.32,待审核,2024-12-28,97,"多行备注第一行
第二行补充说明
第三行是结论。"
2552,刘洋数据分析师,市场部,28414.13,已完成,2025-04-01,18,常规任务，按计划推进。
2553,李娜测试,人力资源,30812.76,进行中,2023-04-01,30,常规任务，按计划推进。
2554,刘洋数据分析师,财务部,23373.12,待审核,2023-12-23,16,"客户反馈：希望增加导出功能；
预计下个迭代交付。"
2555,Grace实习生,财务部,46976.66,进行中,2024-07-05,100,"客户反馈：希望增加导出功能；
预计下个迭代交付。"
2556,吴婷顾问,财务部,38790.67,已取消,2023-12-02,23,"需要与跨部门协同，
优先级 P1。"
2557,Linus测试,市场部,7522.25,已完成,2023-12-19,72,"需要与跨部门协同，
优先级 P1。"
2558,Alan实习生,市场部,15574.45,已完成,2024-12-26,17,常规任务，按计划推进。
2559,李娜架构师,财务部,25630.37,阻塞,2025-01-03,59,"多行备注第一行
第二行补充说明
第三行是结论。"
2560,李娜设计师,财务部,7345.36,已取消,2023-08-27,93,"客户反馈：希望增加导出功能；
预计下个迭代交付。"
2561,Margaret运维,客户成功,44739.4,待审核,2025-02-27,61,"客户反馈：希望增加导出功能；
预计下个迭代交付。"
2562,杨静运维,人力资源,9764.19,阻塞,2023-05-02,50,"需要与跨部门协同，
优先级 P1。"
2563,Linus架构师,市场部,29157.03,待审核,2023-11-16,81,"多行备注第一行
第二行补充说明
第三行是结论。"
2564,杨静架构师,安全合规,46901.03,已完成,2023-06-20,6,OK
2565,Grace测试,人力资源,22739.13,阻塞,2024-12-09,65,"多行备注第一行
第二行补充说明
第三行是结论。"
2566,刘洋实习生,市场部,33224.05,待审核,2025-02-26,24,常规任务，按计划推进。
2567,李娜产品经理,研发中心,49069.69,进行中,2025-08-17,6,"多行备注第一行
第二行补充说明
第三行是结论。"
2568,Ada测试,客户成功,29875.95,阻塞,2023-11-03,59,常规任务，按计划推进。
2569,Alan实习生,财务部,36211.37,已完成,2025-03-12,14,OK
2570,吴婷顾问,财务部,36250.02,已完成,2025-06-24,98,常规任务，按计划推进。
2571,黄敏产品经理,市场部,12897.63,待审核,2024-12-09,32,"多行备注第一行
第二行补充说明
第三行是结论。"
2572,周勇实习生,市场部,12359.74,已取消,2024-03-05,15,"客户反馈：希望增加导出功能；
预计下个迭代交付。"
2573,李娜经理,客户成功,19422.62,已取消,2025-11-13,25,"多行备注第一行
第二行补充说明
第三行是结论。"
2574,Ada工程师,客户成功,29281.03,已完成,2023-05-10,39,"客户反馈：希望增加导出功能；
预计下个迭代交付。"
2575,Margaret工程师,财务部,27599.15,阻塞,2024-09-20,75,"需要与跨部门协同，
优先级 P1。"
2576,张伟运维,人力资源,5936.43,已完成,2023-06-20,88,"客户反馈：希望增加导出功能；
预计下个迭代交付。"
2577,Grace架构师,客户成功,20721.24,阻塞,2024-04-26,88,"客户反馈：希望增加导出功能；
预计下个迭代交付。"
2578,黄敏运维,数据平台,36589.59,已完成,2024-07-21,85,"多行备注第一行
第二行补充说明
第三行是结论。"
2579,李娜顾问,客户成功,19243.96,已完成,2024-03-15,64,"客户反馈：希望增加导出功能；
预计下个迭代交付。"
2580,杨静设计师,市场部,46042.18,阻塞,2023-01-14,11,"客户反馈：希望增加导出功能；
预计下个迭代交付。"
2581,杨静架构师,研发中心,11379.19,阻塞,2023-01-21,48,OK
2582,Ada设计师,市场部,31663.81,进行中,2023-06-28,99,"客户反馈：希望增加导出功能；
预计下个迭代交付。"
2583,刘洋工程师,市场部,31613.56,已取消,2025-12-19,52,"多行备注第一行
第二行补充说明
第三行是结论。"
2584,赵磊数据分析师,人力资源,35076.88,已完成,2025-07-06,80,"需要与跨部门协同，
优先级 P1。"
2585,Linus设计师,研发中心,24415.9,进行中,2024-11-09,80,OK
2586,张伟架构师,财务部,9369.32,已完成,2025-02-08,84,OK
2587,Grace工程师,研发中心,17267.51,阻塞,2023-12-28,21,常规任务，按计划推进。
2588,Alan产品经理,市场部,43272.67,进行中,2023-02-12,96,"需要与跨部门协同，
优先级 P1。"
2589,周勇产品经理,客户成功,21762.03,已完成,2024-09-14,69,"客户反馈：希望增加导出功能；
预计下个迭代交付。"
2590,赵磊运维,研发中心,9679.15,阻塞,2023-09-11,34,OK
2591,周勇工程师,人力资源,18918.67,已取消,2023-11-01,6,"客户反馈：希望增加导出功能；
预计下个迭代交付。"
2592,李娜顾问,数据平台,46200.48,待审核,2024-11-17,62,"多行备注第一行
第二行补充说明
第三行是结论。"
2593,Alan测试,数据平台,19728.15,待审核,2025-07-10,52,"需要与跨部门协同，
优先级 P1。"
2594,Grace产品经理,数据平台,24590.5,已完成,2023-05-22,24,常规任务，按计划推进。
2595,吴婷设计师,客户成功,46857.29,已完成,2023-02-07,24,常规任务，按计划推进。
2596,陈杰产品经理,研发中心,17794.49,阻塞,2024-09-07,15,"需要与跨部门协同，
优先级 P1。"
2597,Ada实习生,数据平台,46266.65,阻塞,2025-02-03,61,OK
2598,黄敏设计师,安全合规,39215.81,阻塞,2025-10-20,36,OK
2599,Ada架构师,研发中心,34325.95,阻塞,2025-04-04,95,OK
2600,张伟工程师,市场部,44383.25,待审核,2024-01-24,89,"多行备注第一行
第二行补充说明
第三行是结论。"
2601,Ada工程师,研发中心,5242.22,已完成,2025-03-18,44,"多行备注第一行
第二行补充说明
第三行是结论。"
2602,周勇经理,市场部,44283.57,进行中,2024-11-02,42,"多行备注第一行
第二行补充说明
第三行是结论。"
2603,陈杰数据分析师,数据平台,45461.5,阻塞,2025-01-12,71,"多行备注第一行
第二行补充说明
第三行是结论。"
2604,Margaret经理,安全合规,41464.25,已完成,2025-10-25,79,常规任务，按计划推进。
2605,张伟实习生,人力资源,29029.18,待审核,2023-08-25,56,"多行备注第一行
第二行补充说明
第三行是结论。"
2606,Alan数据分析师,市场部,42972.64,已完成,2025-10-13,87,"多行备注第一行
第二行补充说明
第三行是结论。"
2607,刘洋实习生,人力资源,45505.77,进行中,2025-06-21,15,OK
2608,Margaret经理,市场部,22894.22,进行中,2023-07-18,40,常规任务，按计划推进。
2609,张伟产品经理,市场部,11977.36,阻塞,2023-04-08,92,OK
2610,李娜产品经理,客户成功,29325.39,阻塞,2025-04-12,24,"客户反馈：希望增加导出功能；
预计下个迭代交付。"
2611,Ada顾问,客户成功,43526.22,阻塞,2024-06-23,98,常规任务，按计划推进。
2612,赵磊实习生,人力资源,22353.92,进行中,2024-11-24,48,OK
2613,李娜工程师,客户成功,45448.43,阻塞,2025-02-28,84,"需要与跨部门协同，
优先级 P1。"
2614,刘洋产品经理,数据平台,10734.6,阻塞,2024-07-04,59,OK
2615,Ada产品经理,财务部,48647.16,待审核,2025-09-21,32,OK
2616,Ada运维,财务部,34733.35,已完成,2025-11-01,92,"多行备注第一行
第二行补充说明
第三行是结论。"
2617,Ada经理,人力资源,21588.78,待审核,2025-07-25,22,OK
2618,Alan测试,数据平台,42324.48,已完成,2024-08-07,40,OK
2619,周勇顾问,数据平台,45099.91,已完成,2024-06-08,78,"需要与跨部门协同，
优先级 P1。"
2620,Linus经理,客户成功,33640.79,待审核,2025-05-05,75,OK
2621,张伟实习生,财务部,33233.07,已完成,2025-07-14,76,"需要与跨部门协同，
优先级 P1。"
2622,王芳实习生,数据平台,32843.12,待审核,2023-09-01,71,OK
2623,黄敏运维,客户成功,35587.21,已取消,2025-06-22,80,OK
2624,陈杰经理,财务部,8387.06,阻塞,2023-10-26,65,"需要与跨部门协同，
优先级 P1。"
2625,王芳经理,人力资源,15913.93,待审核,2025-11-11,27,"客户反馈：希望增加导出功能；
预计下个迭代交付。"
2626,Ada顾问,数据平台,41379.23,进行中,2024-05-25,75,OK
2627,张伟运维,财务部,19221.67,阻塞,2023-11-21,66,"客户反馈：希望增加导出功能；
预计下个迭代交付。"
2628,Margaret工程师,财务部,48418.37,进行中,2023-03-13,18,"客户反馈：希望增加导出功能；
预计下个迭代交付。"
2629,张伟经理,人力资源,18044.51,阻塞,2023-01-27,70,"多行备注第一行
第二行补充说明
第三行是结论。"
2630,陈杰架构师,安全合规,16369.82,阻塞,2023-04-01,72,OK
2631,吴婷架构师,市场部,44372.03,进行中,2024-08-10,86,OK
2632,周勇数据分析师,数据平台,31775.2,待审核,2024-12-04,71,"需要与跨部门协同，
优先级 P1。"
2633,赵磊数据分析师,研发中心,11721.98,待审核,2024-01-02,1,"多行备注第一行
第二行补充说明
第三行是结论。"
2634,张伟测试,客户成功,22566.98,待审核,2023-10-28,100,OK
2635,杨静数据分析师,研发中心,46002.22,已取消,2024-05-04,72,"需要与跨部门协同，
优先级 P1。"
2636,Grace顾问,市场部,42146.06,阻塞,2025-05-14,58,OK
2637,张伟架构师,安全合规,26593.36,进行中,2025-02-17,61,"多行备注第一行
第二行补充说明
第三行是结论。"
2638,赵磊工程师,研发中心,10084.94,已完成,2024-06-23,16,常规任务，按计划推进。
2639,刘洋运维,财务部,18635.72,已取消,2023-10-20,6,"客户反馈：希望增加导出功能；
预计下个迭代交付。"
2640,黄敏运维,客户成功,20432.48,待审核,2025-07-27,48,"多行备注第一行
第二行补充说明
第三行是结论。"
2641,陈杰工程师,人力资源,11379.35,已完成,2023-06-12,79,OK
2642,赵磊实习生,市场部,19194.19,待审核,2023-03-28,24,常规任务，按计划推进。
2643,吴婷工程师,财务部,15616.03,已取消,2024-01-09,64,"需要与跨部门协同，
优先级 P1。"
2644,黄敏经理,财务部,29353.27,已取消,2024-10-08,77,"客户反馈：希望增加导出功能；
预计下个迭代交付。"
2645,杨静设计师,研发中心,43164.64,已完成,2025-04-11,1,"客户反馈：希望增加导出功能；
预计下个迭代交付。"
2646,Alan产品经理,市场部,17936.14,已取消,2023-02-06,90,OK
2647,张伟工程师,客户成功,16211.16,已完成,2025-03-03,9,"客户反馈：希望增加导出功能；
预计下个迭代交付。"
2648,刘洋设计师,客户成功,48645.98,待审核,2023-07-25,35,OK
2649,Linus架构师,客户成功,16087.13,已取消,2025-06-23,87,"需要与跨部门协同，
优先级 P1。"
2650,周勇测试,市场部,13142.51,已取消,2023-11-27,45,"多行备注第一行
第二行补充说明
第三行是结论。"
2651,Ada测试,研发中心,23273.61,阻塞,2024-08-12,79,常规任务，按计划推进。
2652,黄敏产品经理,研发中心,20119.47,进行中,2025-11-02,47,"需要与跨部门协同，
优先级 P1。"
2653,吴婷产品经理,财务部,25170.66,已取消,2024-08-08,98,"需要与跨部门协同，
优先级 P1。"
2654,Linus数据分析师,财务部,39756.98,已取消,2024-09-24,96,"需要与跨部门协同，
优先级 P1。"
2655,王芳实习生,研发中心,21038.32,已取消,2025-10-15,26,"需要与跨部门协同，
优先级 P1。"
2656,陈杰顾问,市场部,6649.12,已完成,2024-09-18,4,"多行备注第一行
第二行补充说明
第三行是结论。"
2657,刘洋产品经理,数据平台,14799.8,进行中,2023-12-07,31,OK
2658,Margaret顾问,市场部,24220.58,进行中,2025-08-17,69,"多行备注第一行
第二行补充说明
第三行是结论。"
2659,Grace架构师,研发中心,20868.19,已完成,2024-09-16,26,常规任务，按计划推进。
2660,陈杰架构师,人力资源,13277.95,进行中,2024-03-04,57,"需要与跨部门协同，
优先级 P1。"
2661,赵磊测试,安全合规,34740.22,已取消,2025-04-16,66,常规任务，按计划推进。
2662,王芳架构师,数据平台,43856.46,已取消,2024-11-16,25,"需要与跨部门协同，
优先级 P1。"
2663,陈杰经理,人力资源,8943.01,待审核,2024-12-13,21,OK
2664,Grace经理,数据平台,46946.41,已取消,2023-04-27,51,"多行备注第一行
第二行补充说明
第三行是结论。"
2665,吴婷顾问,数据平台,16562.86,待审核,2025-07-09,44,常规任务，按计划推进。
2666,吴婷顾问,数据平台,31362.68,进行中,2025-01-04,7,OK
2667,吴婷架构师,财务部,26586.08,阻塞,2023-09-08,88,"需要与跨部门协同，
优先级 P1。"
2668,李娜产品经理,客户成功,8824.3,阻塞,2024-11-17,38,"需要与跨部门协同，
优先级 P1。"
2669,李娜运维,人力资源,17462.09,阻塞,2025-05-20,97,OK
2670,Ada实习生,数据平台,21682.05,已完成,2025-06-27,100,"客户反馈：希望增加导出功能；
预计下个迭代交付。"
2671,杨静顾问,财务部,38940.52,已完成,2025-12-04,76,常规任务，按计划推进。
2672,李娜设计师,研发中心,24849.83,阻塞,2024-12-18,78,常规任务，按计划推进。
2673,Alan设计师,财务部,28796.73,已完成,2025-10-28,58,常规任务，按计划推进。
2674,黄敏工程师,财务部,38777.57,阻塞,2024-05-11,13,"需要与跨部门协同，
优先级 P1。"
2675,Grace数据分析师,人力资源,27335.29,已完成,2025-07-17,14,常规任务，按计划推进。
2676,李娜数据分析师,客户成功,6335.82,阻塞,2025-06-25,56,OK
2677,王芳产品经理,数据平台,16059.28,待审核,2025-02-09,44,OK
2678,张伟工程师,客户成功,40771.71,阻塞,2025-03-27,14,"客户反馈：希望增加导出功能；
预计下个迭代交付。"
2679,黄敏顾问,研发中心,21668.29,已完成,2025-07-14,75,"多行备注第一行
第二行补充说明
第三行是结论。"
2680,刘洋测试,研发中心,33260.19,已取消,2025-09-18,97,常规任务，按计划推进。
2681,Grace实习生,客户成功,5534.99,已取消,2023-03-22,51,常规任务，按计划推进。
2682,Ada产品经理,研发中心,30905.3,阻塞,2023-01-08,69,"多行备注第一行
第二行补充说明
第三行是结论。"
2683,Alan顾问,人力资源,18831.82,已取消,2024-02-08,93,"客户反馈：希望增加导出功能；
预计下个迭代交付。"
2684,张伟顾问,研发中心,36053.8,已取消,2025-02-28,65,常规任务，按计划推进。
2685,张伟运维,财务部,7744.84,已完成,2024-04-23,60,"多行备注第一行
第二行补充说明
第三行是结论。"
2686,赵磊产品经理,财务部,46969.98,阻塞,2024-04-13,97,"客户反馈：希望增加导出功能；
预计下个迭代交付。"
2687,李娜实习生,研发中心,14766.48,已取消,2025-12-20,52,OK
2688,刘洋数据分析师,财务部,15889.75,阻塞,2023-12-01,81,"需要与跨部门协同，
优先级 P1。"
2689,周勇测试,安全合规,48945.75,待审核,2023-06-21,38,"客户反馈：希望增加导出功能；
预计下个迭代交付。"
2690,Linus数据分析师,研发中心,34279.77,待审核,2024-04-19,63,OK
2691,李娜测试,财务部,40543.43,进行中,2023-07-10,32,"客户反馈：希望增加导出功能；
预计下个迭代交付。"
2692,Linus顾问,研发中心,34701.11,阻塞,2023-08-16,24,"客户反馈：希望增加导出功能；
预计下个迭代交付。"
2693,张伟设计师,数据平台,31752.56,待审核,2024-01-11,32,"需要与跨部门协同，
优先级 P1。"
2694,李娜架构师,研发中心,21996.99,已取消,2024-02-27,91,"客户反馈：希望增加导出功能；
预计下个迭代交付。"
2695,王芳工程师,研发中心,33055.33,待审核,2024-11-07,43,OK
2696,Alan运维,人力资源,42270.6,进行中,2024-02-02,25,OK
2697,周勇工程师,市场部,27068.67,已完成,2023-05-05,63,"客户反馈：希望增加导出功能；
预计下个迭代交付。"
2698,刘洋经理,市场部,47013.21,阻塞,2023-05-21,34,"需要与跨部门协同，
优先级 P1。"
2699,黄敏产品经理,数据平台,38974.0,已完成,2025-06-26,28,常规任务，按计划推进。
2700,吴婷经理,数据平台,40877.95,待审核,2024-07-09,89,OK
2701,Linus工程师,数据平台,12816.52,阻塞,2025-05-20,66,"客户反馈：希望增加导出功能；
预计下个迭代交付。"
2702,Grace运维,安全合规,19395.55,已取消,2023-12-08,99,"需要与跨部门协同，
优先级 P1。"
2703,周勇实习生,市场部,43063.62,进行中,2024-05-07,3,"客户反馈：希望增加导出功能；
预计下个迭代交付。"
2704,Grace架构师,数据平台,49330.37,进行中,2024-05-25,93,常规任务，按计划推进。
2705,刘洋运维,市场部,31579.14,阻塞,2023-09-16,27,OK
2706,黄敏实习生,客户成功,38633.58,阻塞,2023-12-08,28,"客户反馈：希望增加导出功能；
预计下个迭代交付。"
2707,陈杰实习生,人力资源,5626.61,已取消,2023-04-23,2,OK
2708,张伟顾问,研发中心,47393.58,已取消,2023-09-27,82,"客户反馈：希望增加导出功能；
预计下个迭代交付。"
2709,张伟设计师,数据平台,10747.23,已完成,2024-05-26,22,常规任务，按计划推进。
2710,Margaret运维,研发中心,34484.4,已完成,2023-02-20,5,"需要与跨部门协同，
优先级 P1。"
2711,黄敏实习生,市场部,5329.53,已取消,2023-01-02,91,"客户反馈：希望增加导出功能；
预计下个迭代交付。"
2712,Ada顾问,安全合规,36686.95,进行中,2025-04-06,35,"需要与跨部门协同，
优先级 P1。"
2713,Grace数据分析师,安全合规,29787.72,进行中,2023-10-16,92,OK
2714,陈杰产品经理,客户成功,46561.86,已完成,2024-09-15,4,OK
2715,Ada架构师,人力资源,11796.05,待审核,2024-10-14,27,"多行备注第一行
第二行补充说明
第三行是结论。"
2716,李娜测试,研发中心,49633.51,已取消,2023-03-10,2,"需要与跨部门协同，
优先级 P1。"
2717,Alan数据分析师,市场部,23864.72,进行中,2025-10-02,5,"多行备注第一行
第二行补充说明
第三行是结论。"
2718,陈杰经理,数据平台,24422.95,待审核,2023-01-16,2,"多行备注第一行
第二行补充说明
第三行是结论。"
2719,周勇经理,人力资源,36250.64,已完成,2023-03-25,5,常规任务，按计划推进。
2720,吴婷测试,安全合规,40659.01,待审核,2024-12-05,9,OK
2721,杨静数据分析师,人力资源,48129.63,阻塞,2023-01-11,60,"客户反馈：希望增加导出功能；
预计下个迭代交付。"
2722,吴婷测试,研发中心,7696.96,待审核,2023-03-11,73,常规任务，按计划推进。
2723,张伟实习生,市场部,32690.12,进行中,2023-01-21,58,"多行备注第一行
第二行补充说明
第三行是结论。"
2724,李娜产品经理,研发中心,14188.72,待审核,2025-01-24,66,"客户反馈：希望增加导出功能；
预计下个迭代交付。"
2725,Margaret产品经理,客户成功,22543.14,已完成,2023-02-01,33,"需要与跨部门协同，
优先级 P1。"
2726,Alan运维,客户成功,23338.07,进行中,2024-02-19,22,OK
2727,Grace产品经理,人力资源,42540.56,待审核,2024-05-08,53,常规任务，按计划推进。
2728,李娜数据分析师,安全合规,18569.05,已完成,2023-06-05,12,"客户反馈：希望增加导出功能；
预计下个迭代交付。"
2729,张伟设计师,财务部,13148.77,阻塞,2024-02-05,94,常规任务，按计划推进。
2730,吴婷运维,财务部,38385.85,待审核,2024-03-13,79,常规任务，按计划推进。
2731,刘洋设计师,人力资源,33869.88,已取消,2024-02-08,17,"客户反馈：希望增加导出功能；
预计下个迭代交付。"
2732,赵磊产品经理,客户成功,25952.84,已取消,2025-09-01,87,"多行备注第一行
第二行补充说明
第三行是结论。"
2733,陈杰测试,安全合规,36141.88,阻塞,2025-06-04,49,常规任务，按计划推进。
2734,李娜产品经理,研发中心,30873.76,进行中,2024-09-19,12,"多行备注第一行
第二行补充说明
第三行是结论。"
2735,Grace经理,数据平台,44637.9,已取消,2025-10-26,69,"客户反馈：希望增加导出功能；
预计下个迭代交付。"
2736,陈杰实习生,数据平台,24258.19,阻塞,2025-07-05,28,"客户反馈：希望增加导出功能；
预计下个迭代交付。"
2737,赵磊工程师,研发中心,27508.99,已取消,2024-08-09,4,OK
2738,Ada数据分析师,人力资源,41938.9,阻塞,2023-10-04,74,常规任务，按计划推进。
2739,黄敏运维,数据平台,43086.68,已完成,2023-07-10,6,常规任务，按计划推进。
2740,赵磊顾问,客户成功,37674.48,阻塞,2023-07-20,94,"多行备注第一行
第二行补充说明
第三行是结论。"
2741,Alan数据分析师,安全合规,19671.59,已完成,2024-09-09,66,"客户反馈：希望增加导出功能；
预计下个迭代交付。"
2742,陈杰实习生,研发中心,27687.64,进行中,2023-10-17,53,"需要与跨部门协同，
优先级 P1。"
2743,陈杰经理,市场部,11661.54,进行中,2023-02-06,26,"客户反馈：希望增加导出功能；
预计下个迭代交付。"
2744,Linus设计师,安全合规,5654.52,已取消,2023-04-25,28,常规任务，按计划推进。
2745,张伟工程师,研发中心,29684.47,待审核,2023-05-24,92,"客户反馈：希望增加导出功能；
预计下个迭代交付。"
2746,黄敏数据分析师,数据平台,10005.35,进行中,2023-09-17,74,OK
2747,王芳产品经理,财务部,10359.99,进行中,2023-10-28,12,"客户反馈：希望增加导出功能；
预计下个迭代交付。"
2748,吴婷设计师,安全合规,15579.36,待审核,2023-08-24,75,OK
2749,Grace顾问,客户成功,25692.4,阻塞,2023-07-01,70,"需要与跨部门协同，
优先级 P1。"
2750,陈杰架构师,安全合规,47792.97,阻塞,2024-08-09,50,"多行备注第一行
第二行补充说明
第三行是结论。"
2751,张伟工程师,研发中心,46461.17,阻塞,2025-05-22,29,"多行备注第一行
第二行补充说明
第三行是结论。"
2752,赵磊产品经理,研发中心,37535.56,已完成,2024-02-04,67,常规任务，按计划推进。
2753,杨静产品经理,客户成功,32185.81,已取消,2025-05-11,65,"多行备注第一行
第二行补充说明
第三行是结论。"
2754,Grace顾问,安全合规,18907.07,进行中,2023-11-09,86,常规任务，按计划推进。
2755,王芳测试,市场部,19577.39,已完成,2024-07-14,4,"客户反馈：希望增加导出功能；
预计下个迭代交付。"
2756,杨静经理,数据平台,32324.43,已取消,2024-10-23,35,"客户反馈：希望增加导出功能；
预计下个迭代交付。"
2757,赵磊实习生,市场部,37225.13,进行中,2023-09-05,35,常规任务，按计划推进。
2758,Grace设计师,客户成功,39649.6,进行中,2025-09-05,18,"多行备注第一行
第二行补充说明
第三行是结论。"
2759,周勇实习生,数据平台,46509.91,已取消,2023-03-13,19,常规任务，按计划推进。
2760,周勇测试,数据平台,44925.92,待审核,2024-12-11,18,"客户反馈：希望增加导出功能；
预计下个迭代交付。"
2761,刘洋测试,客户成功,48692.26,待审核,2024-03-08,45,"客户反馈：希望增加导出功能；
预计下个迭代交付。"
2762,张伟工程师,财务部,8923.55,阻塞,2023-09-05,71,"需要与跨部门协同，
优先级 P1。"
2763,王芳架构师,研发中心,35897.84,进行中,2025-03-26,81,"需要与跨部门协同，
优先级 P1。"
2764,杨静顾问,研发中心,17908.91,待审核,2023-01-02,60,OK
2765,李娜数据分析师,研发中心,16902.6,待审核,2023-01-03,17,OK
2766,刘洋架构师,市场部,25622.66,进行中,2023-12-24,23,"多行备注第一行
第二行补充说明
第三行是结论。"
2767,Margaret设计师,数据平台,38075.36,待审核,2023-06-03,17,常规任务，按计划推进。
2768,Linus运维,数据平台,37189.86,进行中,2024-12-14,56,"需要与跨部门协同，
优先级 P1。"
2769,刘洋运维,财务部,22182.61,进行中,2024-11-06,19,"客户反馈：希望增加导出功能；
预计下个迭代交付。"
2770,赵磊数据分析师,安全合规,33530.59,待审核,2023-02-20,12,"需要与跨部门协同，
优先级 P1。"
2771,刘洋工程师,财务部,27464.93,已完成,2025-05-16,20,"需要与跨部门协同，
优先级 P1。"
2772,刘洋测试,数据平台,48249.61,进行中,2024-07-18,22,"多行备注第一行
第二行补充说明
第三行是结论。"
2773,杨静产品经理,客户成功,35572.5,待审核,2025-03-13,58,常规任务，按计划推进。
2774,周勇经理,安全合规,23823.75,待审核,2024-12-26,52,"多行备注第一行
第二行补充说明
第三行是结论。"
2775,Alan设计师,财务部,49260.43,阻塞,2024-07-28,70,"客户反馈：希望增加导出功能；
预计下个迭代交付。"
2776,周勇运维,安全合规,33059.54,待审核,2024-02-22,21,OK
2777,张伟数据分析师,财务部,5677.01,待审核,2023-09-10,65,OK
2778,黄敏运维,市场部,10649.93,已取消,2024-04-10,7,"需要与跨部门协同，
优先级 P1。"
2779,Ada经理,客户成功,38925.5,阻塞,2023-02-05,12,"需要与跨部门协同，
优先级 P1。"
2780,Grace经理,安全合规,16375.0,已取消,2023-06-09,74,"多行备注第一行
第二行补充说明
第三行是结论。"
2781,张伟经理,客户成功,36093.04,已取消,2025-02-25,16,常规任务，按计划推进。
2782,Linus顾问,人力资源,39834.95,阻塞,2025-02-17,19,"客户反馈：希望增加导出功能；
预计下个迭代交付。"
2783,刘洋工程师,安全合规,35091.05,已完成,2024-04-11,87,OK
2784,Grace运维,数据平台,44349.42,阻塞,2023-12-03,68,OK
2785,陈杰顾问,安全合规,23889.9,进行中,2024-07-09,100,常规任务，按计划推进。
2786,杨静产品经理,安全合规,9534.04,进行中,2023-02-06,48,"需要与跨部门协同，
优先级 P1。"
2787,刘洋运维,研发中心,41096.63,已完成,2023-01-04,91,"客户反馈：希望增加导出功能；
预计下个迭代交付。"
2788,张伟运维,数据平台,38478.84,阻塞,2024-01-27,31,"客户反馈：希望增加导出功能；
预计下个迭代交付。"
2789,李娜产品经理,客户成功,37849.14,阻塞,2024-01-02,26,"多行备注第一行
第二行补充说明
第三行是结论。"
2790,张伟数据分析师,研发中心,31760.35,阻塞,2025-10-20,7,常规任务，按计划推进。
2791,王芳运维,研发中心,47226.13,已完成,2024-08-27,15,"多行备注第一行
第二行补充说明
第三行是结论。"
2792,王芳实习生,客户成功,9450.56,待审核,2025-09-14,6,常规任务，按计划推进。
2793,Margaret经理,市场部,39225.18,已取消,2025-12-20,97,常规任务，按计划推进。
2794,Ada架构师,财务部,9433.5,已取消,2025-08-27,68,"需要与跨部门协同，
优先级 P1。"
2795,Alan测试,研发中心,33290.88,进行中,2023-08-11,29,"需要与跨部门协同，
优先级 P1。"
2796,周勇设计师,客户成功,10372.09,待审核,2023-09-17,87,"客户反馈：希望增加导出功能；
预计下个迭代交付。"
2797,周勇工程师,人力资源,11192.08,待审核,2025-01-23,30,"客户反馈：希望增加导出功能；
预计下个迭代交付。"
2798,王芳经理,研发中心,24203.84,阻塞,2025-09-04,100,OK
2799,黄敏设计师,市场部,45219.08,阻塞,2025-11-13,33,"客户反馈：希望增加导出功能；
预计下个迭代交付。"
2800,黄敏产品经理,数据平台,13908.45,已取消,2023-01-15,54,OK
2801,Alan产品经理,研发中心,13192.75,已取消,2025-01-22,93,OK
2802,杨静测试,人力资源,44020.92,阻塞,2023-01-06,84,"需要与跨部门协同，
优先级 P1。"
2803,Linus运维,市场部,40928.11,已完成,2023-07-06,21,常规任务，按计划推进。
2804,赵磊顾问,研发中心,40520.39,待审核,2025-11-25,49,OK
2805,杨静实习生,财务部,22928.49,待审核,2023-07-26,57,"需要与跨部门协同，
优先级 P1。"
2806,王芳经理,数据平台,36054.21,已完成,2025-06-23,96,"多行备注第一行
第二行补充说明
第三行是结论。"
2807,王芳测试,研发中心,38110.99,待审核,2024-03-13,10,常规任务，按计划推进。
2808,黄敏工程师,市场部,13893.12,进行中,2025-09-25,34,"多行备注第一行
第二行补充说明
第三行是结论。"
2809,陈杰数据分析师,客户成功,38662.59,进行中,2025-09-28,29,OK
2810,李娜运维,数据平台,43487.58,阻塞,2023-04-01,2,"需要与跨部门协同，
优先级 P1。"
2811,Margaret产品经理,客户成功,24128.89,进行中,2023-06-28,30,常规任务，按计划推进。
2812,李娜产品经理,财务部,46021.64,待审核,2024-12-12,98,OK
2813,赵磊运维,人力资源,37081.18,已完成,2023-11-28,79,"需要与跨部门协同，
优先级 P1。"
2814,刘洋运维,数据平台,9082.19,进行中,2024-01-27,16,"需要与跨部门协同，
优先级 P1。"
2815,Margaret实习生,人力资源,16680.95,已完成,2024-09-27,75,"客户反馈：希望增加导出功能；
预计下个迭代交付。"
2816,Alan产品经理,财务部,26260.64,阻塞,2024-06-24,98,常规任务，按计划推进。
2817,李娜架构师,安全合规,8436.2,待审核,2024-06-26,13,"多行备注第一行
第二行补充说明
第三行是结论。"
2818,刘洋顾问,财务部,39428.46,待审核,2025-02-11,47,"需要与跨部门协同，
优先级 P1。"
2819,李娜经理,安全合规,47249.97,进行中,2025-10-15,21,"多行备注第一行
第二行补充说明
第三行是结论。"
2820,Ada经理,研发中心,11907.87,已取消,2024-12-27,48,"需要与跨部门协同，
优先级 P1。"
2821,赵磊实习生,人力资源,11360.59,已取消,2023-08-04,4,"客户反馈：希望增加导出功能；
预计下个迭代交付。"
2822,刘洋工程师,安全合规,27501.81,进行中,2024-07-26,34,"客户反馈：希望增加导出功能；
预计下个迭代交付。"
2823,周勇数据分析师,人力资源,34906.08,进行中,2023-02-16,41,"需要与跨部门协同，
优先级 P1。"
2824,刘洋架构师,研发中心,39934.25,待审核,2024-02-27,39,OK
2825,Alan测试,客户成功,25655.84,已完成,2024-01-06,73,"多行备注第一行
第二行补充说明
第三行是结论。"
2826,杨静运维,安全合规,38828.34,阻塞,2024-03-15,24,OK
2827,周勇运维,研发中心,25191.27,待审核,2024-03-01,58,"客户反馈：希望增加导出功能；
预计下个迭代交付。"
2828,Linus数据分析师,市场部,26520.57,进行中,2025-04-11,27,OK
2829,Margaret经理,人力资源,23790.6,已完成,2024-10-05,28,OK
2830,赵磊架构师,安全合规,26383.26,进行中,2024-11-23,4,"需要与跨部门协同，
优先级 P1。"
2831,周勇架构师,人力资源,31609.48,已完成,2023-01-23,43,"需要与跨部门协同，
优先级 P1。"
2832,Grace数据分析师,财务部,5271.19,进行中,2025-09-27,78,"多行备注第一行
第二行补充说明
第三行是结论。"
2833,黄敏数据分析师,数据平台,23815.4,进行中,2024-10-28,58,"客户反馈：希望增加导出功能；
预计下个迭代交付。"
2834,陈杰工程师,财务部,13633.34,已取消,2024-08-02,95,"客户反馈：希望增加导出功能；
预计下个迭代交付。"
2835,周勇顾问,人力资源,27491.52,已取消,2024-05-06,56,常规任务，按计划推进。
2836,吴婷工程师,市场部,42402.81,阻塞,2024-03-28,24,"客户反馈：希望增加导出功能；
预计下个迭代交付。"
2837,刘洋经理,客户成功,42678.2,待审核,2025-04-06,8,"多行备注第一行
第二行补充说明
第三行是结论。"
2838,李娜设计师,人力资源,9647.93,进行中,2024-06-21,63,"客户反馈：希望增加导出功能；
预计下个迭代交付。"
2839,吴婷产品经理,人力资源,9797.36,已完成,2023-05-06,79,OK
2840,杨静产品经理,财务部,17069.22,阻塞,2024-10-18,30,常规任务，按计划推进。
2841,杨静设计师,研发中心,42599.56,阻塞,2023-04-19,23,"多行备注第一行
第二行补充说明
第三行是结论。"
2842,张伟设计师,客户成功,23594.39,阻塞,2025-01-04,35,"多行备注第一行
第二行补充说明
第三行是结论。"
2843,Linus经理,财务部,27295.5,进行中,2023-07-18,4,常规任务，按计划推进。
2844,黄敏实习生,安全合规,5869.71,已完成,2023-07-07,58,常规任务，按计划推进。
2845,Margaret测试,客户成功,5485.11,进行中,2024-10-07,27,"多行备注第一行
第二行补充说明
第三行是结论。"
2846,赵磊实习生,市场部,16421.23,已取消,2024-10-08,15,"客户反馈：希望增加导出功能；
预计下个迭代交付。"
2847,李娜顾问,财务部,40213.39,待审核,2023-09-01,70,"多行备注第一行
第二行补充说明
第三行是结论。"
2848,吴婷工程师,客户成功,22896.43,已取消,2024-01-06,45,OK
2849,Ada顾问,安全合规,49398.83,已取消,2023-12-20,29,OK
2850,刘洋设计师,人力资源,36532.15,待审核,2023-09-28,12,"多行备注第一行
第二行补充说明
第三行是结论。"
2851,Margaret顾问,研发中心,42001.09,已完成,2024-11-02,39,OK
2852,Alan经理,研发中心,10644.74,待审核,2025-07-15,51,"需要与跨部门协同，
优先级 P1。"
2853,Alan设计师,人力资源,43835.57,阻塞,2025-05-12,27,OK
2854,黄敏运维,数据平台,38701.34,阻塞,2024-01-15,93,常规任务，按计划推进。
2855,周勇架构师,人力资源,18560.87,进行中,2024-12-16,47,"客户反馈：希望增加导出功能；
预计下个迭代交付。"
2856,Alan工程师,市场部,7006.77,进行中,2025-12-04,73,"多行备注第一行
第二行补充说明
第三行是结论。"
2857,吴婷工程师,市场部,13377.68,进行中,2024-05-27,31,OK
2858,张伟运维,财务部,29399.63,进行中,2025-04-06,21,"需要与跨部门协同，
优先级 P1。"
2859,刘洋数据分析师,市场部,12799.09,已完成,2023-06-03,6,"多行备注第一行
第二行补充说明
第三行是结论。"
2860,Grace测试,客户成功,41241.23,已取消,2023-02-20,94,"多行备注第一行
第二行补充说明
第三行是结论。"
2861,杨静运维,财务部,40829.66,进行中,2023-07-19,65,OK
2862,Grace架构师,财务部,36281.42,已完成,2025-04-25,100,"多行备注第一行
第二行补充说明
第三行是结论。"
2863,刘洋设计师,财务部,43241.08,待审核,2023-10-14,17,常规任务，按计划推进。
2864,Grace架构师,研发中心,20606.88,阻塞,2025-04-04,17,"需要与跨部门协同，
优先级 P1。"
2865,Grace运维,研发中心,12276.15,阻塞,2023-08-25,43,OK
2866,赵磊测试,安全合规,32527.78,阻塞,2023-01-04,19,"多行备注第一行
第二行补充说明
第三行是结论。"
2867,黄敏经理,市场部,8386.43,待审核,2024-10-12,36,"多行备注第一行
第二行补充说明
第三行是结论。"
2868,王芳工程师,人力资源,13201.36,已取消,2025-02-19,27,"客户反馈：希望增加导出功能；
预计下个迭代交付。"
2869,杨静顾问,安全合规,9400.5,已完成,2023-07-15,10,"多行备注第一行
第二行补充说明
第三行是结论。"
2870,王芳实习生,财务部,15445.36,待审核,2023-07-28,36,"客户反馈：希望增加导出功能；
预计下个迭代交付。"
2871,杨静设计师,客户成功,43387.12,待审核,2024-07-04,19,常规任务，按计划推进。
2872,Margaret顾问,人力资源,10420.95,已完成,2023-01-19,76,"多行备注第一行
第二行补充说明
第三行是结论。"
2873,Linus架构师,财务部,19193.23,已完成,2024-01-07,22,常规任务，按计划推进。
2874,王芳测试,客户成功,15362.23,已取消,2024-01-11,13,"需要与跨部门协同，
优先级 P1。"
2875,刘洋设计师,研发中心,31184.9,进行中,2024-04-22,7,OK
2876,Alan实习生,人力资源,46279.64,待审核,2025-03-09,60,OK
2877,李娜测试,客户成功,38356.2,已完成,2023-02-17,70,"多行备注第一行
第二行补充说明
第三行是结论。"
2878,Ada运维,客户成功,40905.28,已取消,2025-09-26,15,OK
2879,李娜工程师,财务部,39724.73,待审核,2024-01-14,64,"客户反馈：希望增加导出功能；
预计下个迭代交付。"
2880,Alan顾问,市场部,48273.91,已完成,2023-10-19,72,"客户反馈：希望增加导出功能；
预计下个迭代交付。"
2881,杨静产品经理,财务部,44267.32,进行中,2023-06-15,92,OK
2882,Linus运维,人力资源,17372.17,阻塞,2024-11-17,46,OK
2883,周勇数据分析师,安全合规,38246.78,已完成,2024-12-14,91,"客户反馈：希望增加导出功能；
预计下个迭代交付。"
2884,李娜经理,安全合规,12735.55,阻塞,2024-07-16,17,OK
2885,Grace设计师,财务部,18731.46,已完成,2025-06-24,48,常规任务，按计划推进。
2886,Grace顾问,人力资源,12594.79,已完成,2023-03-28,45,常规任务，按计划推进。
2887,Grace产品经理,数据平台,13250.8,待审核,2023-05-15,23,OK
2888,赵磊数据分析师,数据平台,39221.56,已完成,2025-01-03,22,"多行备注第一行
第二行补充说明
第三行是结论。"
2889,刘洋运维,研发中心,17936.31,阻塞,2023-10-01,2,OK
2890,Ada经理,人力资源,12660.84,待审核,2023-03-14,52,常规任务，按计划推进。
2891,陈杰测试,安全合规,42761.46,阻塞,2024-07-07,24,常规任务，按计划推进。
2892,黄敏运维,客户成功,6770.22,已完成,2025-02-02,95,常规任务，按计划推进。
2893,吴婷数据分析师,市场部,21683.1,已完成,2025-10-06,18,"多行备注第一行
第二行补充说明
第三行是结论。"
2894,陈杰实习生,研发中心,8907.96,阻塞,2023-07-28,1,常规任务，按计划推进。
2895,赵磊工程师,数据平台,11460.48,待审核,2025-01-11,52,"需要与跨部门协同，
优先级 P1。"
2896,赵磊产品经理,客户成功,38676.3,进行中,2024-07-28,17,"客户反馈：希望增加导出功能；
预计下个迭代交付。"
2897,陈杰数据分析师,客户成功,28657.47,已取消,2023-01-19,42,"多行备注第一行
第二行补充说明
第三行是结论。"
2898,黄敏设计师,市场部,17211.96,进行中,2024-07-22,19,"多行备注第一行
第二行补充说明
第三行是结论。"
2899,Linus产品经理,市场部,49236.75,已完成,2024-02-01,83,OK
2900,陈杰运维,客户成功,9191.91,待审核,2024-03-07,92,常规任务，按计划推进。
2901,赵磊测试,财务部,45496.77,已取消,2023-12-07,59,"多行备注第一行
第二行补充说明
第三行是结论。"
2902,黄敏实习生,客户成功,45264.19,阻塞,2024-08-14,97,常规任务，按计划推进。
2903,赵磊数据分析师,安全合规,16295.35,已取消,2023-10-02,36,"客户反馈：希望增加导出功能；
预计下个迭代交付。"
2904,Grace产品经理,人力资源,19750.72,已取消,2023-09-18,57,常规任务，按计划推进。
2905,王芳实习生,数据平台,32697.31,已完成,2023-05-23,24,常规任务，按计划推进。
2906,Margaret设计师,财务部,30216.29,待审核,2024-05-25,35,常规任务，按计划推进。
2907,Grace实习生,市场部,14856.09,已取消,2024-06-26,26,OK
2908,Alan经理,数据平台,16498.78,阻塞,2023-03-12,38,OK
2909,杨静数据分析师,人力资源,42893.0,已完成,2024-09-19,6,"需要与跨部门协同，
优先级 P1。"
2910,Ada实习生,市场部,13903.7,待审核,2025-12-09,9,常规任务，按计划推进。
2911,张伟顾问,财务部,15221.14,已取消,2025-06-16,95,"需要与跨部门协同，
优先级 P1。"
2912,李娜产品经理,人力资源,37675.09,已完成,2024-10-20,3,常规任务，按计划推进。
2913,吴婷数据分析师,人力资源,29013.37,已取消,2025-07-02,40,"客户反馈：希望增加导出功能；
预计下个迭代交付。"
2914,Alan经理,客户成功,9223.85,已完成,2024-09-17,34,"需要与跨部门协同，
优先级 P1。"
2915,刘洋实习生,研发中心,22828.07,待审核,2023-09-25,58,"需要与跨部门协同，
优先级 P1。"
2916,Margaret经理,财务部,45324.38,待审核,2023-11-13,97,"多行备注第一行
第二行补充说明
第三行是结论。"
2917,赵磊架构师,安全合规,45559.81,进行中,2024-11-10,89,常规任务，按计划推进。
2918,周勇测试,安全合规,28288.81,阻塞,2025-01-02,20,"客户反馈：希望增加导出功能；
预计下个迭代交付。"
2919,黄敏设计师,数据平台,42940.55,进行中,2025-05-11,6,"客户反馈：希望增加导出功能；
预计下个迭代交付。"
2920,Linus架构师,人力资源,5919.52,已完成,2024-07-25,55,常规任务，按计划推进。
2921,杨静工程师,市场部,36764.96,待审核,2024-07-19,66,"多行备注第一行
第二行补充说明
第三行是结论。"
2922,刘洋工程师,人力资源,26737.11,待审核,2025-04-01,52,"客户反馈：希望增加导出功能；
预计下个迭代交付。"
2923,Ada产品经理,数据平台,46985.72,已完成,2025-03-14,53,"客户反馈：希望增加导出功能；
预计下个迭代交付。"
2924,Margaret顾问,客户成功,17654.42,进行中,2025-01-25,66,"客户反馈：希望增加导出功能；
预计下个迭代交付。"
2925,周勇架构师,人力资源,19809.36,阻塞,2024-11-20,6,"客户反馈：希望增加导出功能；
预计下个迭代交付。"
2926,黄敏数据分析师,数据平台,23661.95,已取消,2025-03-23,66,OK
2927,Alan架构师,安全合规,26671.0,待审核,2023-12-28,41,"需要与跨部门协同，
优先级 P1。"
2928,Alan工程师,安全合规,35183.56,已取消,2025-03-05,16,"客户反馈：希望增加导出功能；
预计下个迭代交付。"
2929,张伟运维,客户成功,43540.14,待审核,2025-02-18,52,"客户反馈：希望增加导出功能；
预计下个迭代交付。"
2930,张伟经理,人力资源,14266.97,进行中,2023-07-25,21,OK
2931,Margaret工程师,人力资源,13624.6,阻塞,2025-03-25,66,OK
2932,王芳顾问,安全合规,29142.85,已完成,2024-02-18,20,"客户反馈：希望增加导出功能；
预计下个迭代交付。"
2933,Ada测试,安全合规,14183.31,已完成,2024-02-15,95,常规任务，按计划推进。
2934,周勇经理,安全合规,42370.63,阻塞,2024-03-13,76,"需要与跨部门协同，
优先级 P1。"
2935,李娜工程师,市场部,37308.35,阻塞,2025-11-22,31,常规任务，按计划推进。
2936,Linus数据分析师,财务部,18611.91,阻塞,2025-01-04,37,"需要与跨部门协同，
优先级 P1。"
2937,Grace顾问,数据平台,49027.76,待审核,2023-07-20,23,常规任务，按计划推进。
2938,吴婷测试,安全合规,29237.37,已完成,2023-06-09,78,OK
2939,李娜运维,市场部,30263.5,阻塞,2025-05-22,32,常规任务，按计划推进。
2940,Ada设计师,安全合规,44220.44,进行中,2024-12-18,15,"客户反馈：希望增加导出功能；
预计下个迭代交付。"
2941,黄敏架构师,安全合规,46734.04,待审核,2025-07-21,35,"多行备注第一行
第二行补充说明
第三行是结论。"
2942,Linus产品经理,财务部,44736.27,阻塞,2025-01-04,49,"需要与跨部门协同，
优先级 P1。"
2943,Margaret顾问,客户成功,34617.64,阻塞,2023-06-01,26,"客户反馈：希望增加导出功能；
预计下个迭代交付。"
2944,Grace工程师,研发中心,26417.93,阻塞,2023-07-21,39,常规任务，按计划推进。
2945,黄敏工程师,市场部,6398.95,阻塞,2023-09-21,9,"客户反馈：希望增加导出功能；
预计下个迭代交付。"
2946,李娜经理,市场部,28791.15,阻塞,2024-09-06,84,"需要与跨部门协同，
优先级 P1。"
2947,Alan运维,安全合规,28695.98,进行中,2025-01-15,19,OK
2948,周勇顾问,财务部,47813.43,已完成,2025-11-15,81,"需要与跨部门协同，
优先级 P1。"
2949,王芳产品经理,人力资源,29292.66,待审核,2025-11-04,93,OK
2950,Margaret经理,安全合规,9958.04,待审核,2024-07-05,2,OK
2951,张伟架构师,市场部,42830.24,已完成,2025-02-15,8,"多行备注第一行
第二行补充说明
第三行是结论。"
2952,Margaret经理,市场部,35263.3,已取消,2024-05-07,42,OK
2953,赵磊设计师,客户成功,16388.68,阻塞,2025-08-01,11,"多行备注第一行
第二行补充说明
第三行是结论。"
2954,张伟运维,安全合规,34786.58,已完成,2024-03-22,48,"多行备注第一行
第二行补充说明
第三行是结论。"
2955,赵磊顾问,研发中心,31350.51,已完成,2023-08-12,32,常规任务，按计划推进。
2956,李娜架构师,财务部,30644.43,待审核,2025-01-08,79,"客户反馈：希望增加导出功能；
预计下个迭代交付。"
2957,Linus实习生,研发中心,10933.66,已取消,2023-07-11,18,"需要与跨部门协同，
优先级 P1。"
2958,张伟测试,财务部,15003.77,待审核,2024-09-25,11,OK
2959,Alan实习生,安全合规,21524.75,已取消,2025-01-08,52,"需要与跨部门协同，
优先级 P1。"
2960,Alan架构师,数据平台,11609.16,已取消,2025-10-15,64,"多行备注第一行
第二行补充说明
第三行是结论。"
2961,周勇测试,财务部,47258.16,待审核,2024-03-07,17,"多行备注第一行
第二行补充说明
第三行是结论。"
2962,赵磊工程师,人力资源,23145.45,待审核,2025-10-17,53,"需要与跨部门协同，
优先级 P1。"
2963,吴婷产品经理,市场部,21777.49,已取消,2025-08-28,86,"多行备注第一行
第二行补充说明
第三行是结论。"
2964,李娜工程师,财务部,13369.79,阻塞,2024-03-06,53,OK
2965,吴婷设计师,研发中心,22272.42,待审核,2023-08-19,75,"客户反馈：希望增加导出功能；
预计下个迭代交付。"
2966,李娜数据分析师,财务部,21962.99,阻塞,2025-11-27,20,OK
2967,Margaret顾问,安全合规,47810.72,阻塞,2023-04-11,97,OK
2968,Ada实习生,安全合规,48764.19,阻塞,2025-08-23,64,"客户反馈：希望增加导出功能；
预计下个迭代交付。"
2969,吴婷设计师,财务部,46236.4,待审核,2023-05-04,32,"需要与跨部门协同，
优先级 P1。"
2970,周勇设计师,研发中心,28546.58,已取消,2025-04-04,42,"多行备注第一行
第二行补充说明
第三行是结论。"
2971,吴婷架构师,客户成功,13531.97,阻塞,2023-03-05,52,常规任务，按计划推进。
2972,张伟工程师,研发中心,18031.68,进行中,2025-11-23,60,"客户反馈：希望增加导出功能；
预计下个迭代交付。"
2973,李娜顾问,客户成功,38614.68,进行中,2024-12-21,85,"多行备注第一行
第二行补充说明
第三行是结论。"
2974,Alan工程师,安全合规,17790.99,阻塞,2023-04-10,16,常规任务，按计划推进。
2975,刘洋架构师,安全合规,30871.03,已取消,2023-11-27,70,"客户反馈：希望增加导出功能；
预计下个迭代交付。"
2976,李娜工程师,数据平台,32580.39,待审核,2025-06-27,86,"客户反馈：希望增加导出功能；
预计下个迭代交付。"
2977,陈杰设计师,客户成功,40365.69,已完成,2024-01-11,80,"多行备注第一行
第二行补充说明
第三行是结论。"
2978,张伟架构师,市场部,15508.95,已完成,2023-10-16,55,"客户反馈：希望增加导出功能；
预计下个迭代交付。"
2979,吴婷产品经理,数据平台,47447.47,阻塞,2025-07-05,73,OK
2980,Margaret工程师,客户成功,49448.18,已取消,2024-09-05,1,常规任务，按计划推进。
2981,黄敏测试,市场部,33257.64,进行中,2024-10-14,53,常规任务，按计划推进。
2982,Margaret架构师,人力资源,30734.19,待审核,2023-11-24,83,"需要与跨部门协同，
优先级 P1。"
2983,Alan工程师,财务部,16155.9,已取消,2024-05-04,91,"多行备注第一行
第二行补充说明
第三行是结论。"
2984,杨静数据分析师,研发中心,34549.18,待审核,2025-10-11,52,常规任务，按计划推进。
2985,张伟工程师,人力资源,27058.64,已完成,2025-03-03,64,"需要与跨部门协同，
优先级 P1。"
2986,张伟数据分析师,人力资源,8877.24,阻塞,2025-03-02,19,"需要与跨部门协同，
优先级 P1。"
2987,Alan顾问,客户成功,42612.13,阻塞,2025-02-19,26,OK
2988,黄敏数据分析师,市场部,25682.98,已完成,2024-12-06,38,"需要与跨部门协同，
优先级 P1。"
2989,陈杰实习生,财务部,29747.76,进行中,2024-08-14,4,"客户反馈：希望增加导出功能；
预计下个迭代交付。"
2990,Ada架构师,人力资源,43970.06,已完成,2024-02-01,89,"客户反馈：希望增加导出功能；
预计下个迭代交付。"
2991,赵磊测试,研发中心,39982.65,阻塞,2023-08-21,5,OK
2992,Alan测试,研发中心,26749.46,已完成,2025-03-28,69,OK
2993,杨静产品经理,财务部,20825.39,已完成,2024-01-20,10,OK
2994,Grace测试,数据平台,5065.5,已取消,2025-12-03,94,常规任务，按计划推进。
2995,杨静实习生,财务部,17206.18,阻塞,2024-11-12,32,OK
2996,Linus产品经理,人力资源,7110.1,待审核,2024-01-02,37,常规任务，按计划推进。
2997,吴婷数据分析师,安全合规,41052.17,已取消,2024-05-04,70,"需要与跨部门协同，
优先级 P1。"
2998,张伟数据分析师,数据平台,46540.37,阻塞,2023-03-03,70,常规任务，按计划推进。
2999,Linus数据分析师,数据平台,22217.85,已完成,2025-12-02,31,OK
3000,杨静架构师,数据平台,22970.31,已取消,2025-12-24,3,"客户反馈：希望增加导出功能；
预计下个迭代交付。"
